Country Name,country_code,1955,1956,1957,1958,1959,1960,1961,1962,1963,1964,1965,1966,1967,1968,1969,1970,1971,1972,1973,1974,1975,1976,1977,1978,1979,1980,1981,1982,1983,1984,1985,1986,1987,1988,1989,1990,1991,1992,1993,1994,1995,1996,1997,1998,1999,2000,2001,2002,2003,2004,2005,2006,2007,2008
Thailand ,THA,0.063978704,0.063900377,0.075780504,0.073817401,0.058461143,0.052238755,0.048140638,0.039852026,0.039996005,0.045721152,0.034790005,0.035102629,0.036069681,0.037067491,0.038294728,0.047359688,0.046868581,0.05357872,0.054397482,0.050070985,0.036239772,0.036472655,0.034587924,0.025317824,0.028983874,0.033903726,0.023713807,0.018047737,0.02486327,0.014326796,0.014037829,0.019124149,0.018652415,0.018226216,0.025289184,0.027488149,0.027393068,0.025994359,0.019358187,0.015524505,0.013839214,0.014072364,0.016765524,0.02494854,0.027818931,0.029833053,0.02645786,0.025031398,0.019060273,0.017273867,0.015010953,0.020864795,0.025119156,0.026493141
Cape Verde ,CPV,0.028303754,0.022476128,0.02759354,0.020574796,0.01851418,0.020535305,0.024616367,0.031474126,0.04066233,0.047667655,0.042474755,0.038860749,0.036501039,0.036709838,0.037329542,0.043905607,0.045632163,0.048623222,0.052662056,0.047639432,0.032332818,0.036488015,0.027756157,0.021774664,0.018560684,0.03064426,0.017035225,0.018760466,0.013221097,0.01364736,0.006952119,0.012521759,0.014319261,0.02344059,0.024537371,0.028024014,0.028063157,0.025722669,0.013823577,0.013461538,0.012177063,0.011609127,0.016382079,0.022710804,0.023716256,0.026372064,0.025034338,0.020312103,0.018027653,0.017532256,0.013975591,0.017954912,0.021140375,0.021644375
Venezuela,VEN,0.012700708,0.014079938,0.027485724,0.021130645,0.032203164,0.035669963,0.045941158,0.04121212,0.037508411,0.041010585,0.044469908,0.036868563,0.032479223,0.039941924,0.034819827,0.029799557,0.02994187,0.034318885,0.033332035,0.018765502,0.014333402,0.022652503,0.015983298,0.012317241,0.021754369,0.022544295,0.00855913,0.012093357,0.014933131,0.017192733,0.02684714,0.035735014,0.029785186,0.026809528,0.018329893,0.011999203,0.007128682,0.010072005,0.006992081,0.016795546,0.019770197,0.022224202,0.024502119,0.029008022,0.023168325,0.024482419,0.02064685,0.015300742,0.011744204,0.011163427,0.008987576,0.014336537,0.016647384,0.014389015
Ecuador ,ECU,0.040884538,0.029846718,0.032686515,0.033106342,0.028408788,0.036943602,0.04686129,0.044307426,0.050216431,0.048957546,0.042442059,0.032817538,0.031080432,0.029619631,0.039714779,0.045418464,0.045298846,0.056249574,0.064942329,0.050574128,0.036216214,0.030698618,0.016789423,0.008405816,0.016524707,0.025066101,0.029476216,0.034986716,0.035580227,0.027263067,0.023195671,0.024440387,0.026680401,0.031651189,0.037353261,0.030383014,0.012484158,-0.0032207,-0.014658859,-0.018638414,-0.010776038,0.009077556,0.029122683,0.041440896,0.042372418,0.045426449,0.042984783,0.03431465,0.02835291,0.028826242,0.024144895,0.02852249,0.035727239,0.032416951
Gabon,GAB,0.036328287,0.033796577,0.039754376,0.038182628,0.033623265,0.035992505,0.036607901,0.035931056,0.040555721,0.047927702,0.043788384,0.043377743,0.041950235,0.041885177,0.042996872,0.044786083,0.044141616,0.043597774,0.04548717,0.037927793,0.025756931,0.025990842,0.025555326,0.021164508,0.022203936,0.026481766,0.019614547,0.016938988,0.013731292,0.010013741,0.010141701,0.013040033,0.013210601,0.019487236,0.023777441,0.025884332,0.022822254,0.020455928,0.010228941,0.007723813,0.006874358,0.007221477,0.008910732,0.017145217,0.019197173,0.022308466,0.023617621,0.020826738,0.015678405,0.013987674,0.010168964,0.011302578,0.0139187,0.011914345
Uganda ,UGA,0.083562677,0.079892253,0.073560761,0.06551834,0.064647712,0.058563504,0.05183262,0.048378762,0.044758116,0.04215441,0.035775346,0.033746092,0.027065442,0.033019547,0.034251614,0.033656592,0.033645723,0.040878177,0.039390146,0.029314744,0.02124672,0.027466288,0.026296762,0.023730482,0.030131674,0.032287169,0.022097871,0.014386451,0.012659642,0.011042847,0.014129928,0.018004843,0.022624816,0.024345775,0.02293636,0.010213222,0.014817235,0.014708469,0.005926393,0.005609639,0.016638222,0.009091085,0.009503122,0.016105172,0.015401195,0.01833068,0.019185797,0.015672339,0.011477871,0.009644846,0.004950248,0.009062666,0.014283383,0.017345646
Congo-Kinshasa,COD,0.057252801,0.048274428,0.050382546,0.047190405,0.053850866,0.054242636,0.060264443,0.06203661,0.062541803,0.055696675,0.050009184,0.04707005,0.048817738,0.051154025,0.057061029,0.061073248,0.051961239,0.044675786,0.044349895,0.042123881,0.025416308,0.035686273,0.033364619,0.026518203,0.028040575,0.040119144,0.028576097,0.025084643,0.021609507,0.016995868,0.016217214,0.020493802,0.026206395,0.032307867,0.032480315,0.030911129,0.028267604,0.02270255,0.012055235,0.009384833,0.010839043,0.009655075,0.012221889,0.017248932,0.015935442,0.017333775,0.018673802,0.015625772,0.011973986,0.011527964,0.00550748,0.005881036,0.007641983,0.004730064
Equatorial Guinea ,GNQ,0.040872099,0.044487583,0.045881438,0.027200427,0.022950639,0.024952726,0.018084091,0.025600633,0.033735824,0.040537444,0.034071706,0.039120117,0.036618316,0.042860581,0.039643584,0.040805025,0.043934374,0.040255631,0.037264698,0.033230244,0.022479086,0.024214494,0.023908862,0.019735331,0.016485212,0.019154927,0.009055592,0.001611867,0.000819985,0.003423488,0.007745753,0.014603155,0.019457353,0.020673331,0.023017366,0.024654705,0.023587885,0.024015508,0.021267251,0.017665404,0.016095222,0.018665214,0.024226643,0.029684522,0.033213504,0.034462403,0.030894973,0.02220418,0.015384084,0.011289746,0.008570683,0.012671661,0.021204045,0.024338285
Spain ,ESP,0.030231895,0.030055067,0.029129219,0.021360627,0.020030245,0.027127286,0.029248907,0.02908737,0.037108821,0.038805843,0.038222538,0.033276396,0.039967032,0.036555485,0.035472392,0.029044995,0.032026789,0.029969114,0.034645666,0.03445261,0.041218888,0.043063073,0.042131826,0.0409391,0.042098937,0.042027487,0.032461458,0.024408468,0.024696817,0.027597913,0.028135957,0.03345118,0.037022979,0.029236863,0.019163272,0.012900186,0.011683177,0.014357617,0.019919433,0.027738078,0.03164113,0.035510935,0.039268042,0.039023437,0.032723131,0.030596248,0.024426795,0.016961955,0.013930874,0.018297398,0.017481389,0.018645404,0.021108755,0.019345263
Israel ,ISR,0.023401701,0.023301644,0.029542711,0.024985517,0.022864687,0.028041995,0.032224645,0.031912869,0.041745894,0.048759169,0.044787034,0.036592648,0.034507705,0.031160014,0.027708218,0.032917588,0.031152266,0.029930405,0.031393763,0.028659811,0.022076151,0.022973108,0.014957156,0.010362861,0.011768091,0.010402787,0.008737371,0.014618472,0.015121263,0.015634046,0.016228425,0.020447438,0.023946273,0.023877298,0.019534914,0.016962374,0.009173397,0.000237759,-0.00835558,-0.005280169,0.000417794,0.007132832,0.016047881,0.029791326,0.032363643,0.034145896,0.033387924,0.032730696,0.028745397,0.027704299,0.025116893,0.031227199,0.032891367,0.026913031
Iraq ,IRQ,0.036954703,0.033869522,0.03980317,0.027990963,0.029041009,0.027684849,0.027466373,0.026695542,0.039488219,0.036358588,0.030895018,0.023715164,0.023668405,0.023164701,0.024685279,0.031099762,0.03369019,0.03438105,0.034368265,0.028110686,0.003762437,-0.002436523,-0.001570075,-0.006020122,-0.003987112,0.017438497,0.019986691,0.010278049,0.009964341,0.010711074,0.008454055,0.008609183,0.012929884,0.017509662,0.01918329,0.018696388,0.012358931,0.010021458,0.00341646,-0.002398213,-0.007825422,-0.00335824,0.002567593,0.009648226,0.010811593,0.017407572,0.018659946,0.014293902,0.008312897,0.010159229,0.00837712,0.013470141,0.020400657,0.023530201
Cape Colony/ South Africa ,ZAF,0.025440109,0.021654098,0.024859797,0.016338035,0.015784027,0.019015884,0.022381884,0.020321364,0.028088471,0.030340074,0.024375766,0.022219118,0.025378306,0.026155691,0.019765811,0.020018717,0.020509634,0.023635526,0.029269987,0.023633629,0.019294231,0.020584979,0.018592556,0.013005098,0.021151847,0.017671017,0.010229768,0.009056872,0.0088329,0.008258633,0.018382224,0.029498442,0.035099271,0.037454789,0.036502216,0.030116901,0.018480617,0.009435487,0.004287104,0.008437272,0.013687367,0.022359449,0.034497629,0.036865443,0.034375486,0.036577262,0.03631741,0.028586809,0.029071684,0.028317214,0.02499252,0.024021934,0.025839042,0.015662813
Chile ,CHL,0.025713847,0.019171333,0.014497739,0.006465817,0.012559716,0.017815471,0.029571975,0.034428144,0.044969092,0.043051224,0.033597295,0.024179325,0.029133855,0.036560492,0.04080464,0.04180696,0.045740622,0.0447927,0.035431391,0.029509813,0.033682961,0.028229284,0.031898526,0.037381566,0.035056262,0.031432777,0.036024697,0.025032654,0.011603591,0.01595447,0.017309374,0.0122849,0.019137834,0.032077001,0.037388694,0.048950318,0.052550236,0.048252427,0.041357679,0.03927818,0.040151298,0.051527059,0.06550555,0.074425708,0.081083258,0.078825757,0.071643541,0.061041402,0.052769642,0.040220744,0.029770988,0.02817569,0.024790954,0.009454359
Djibouti,DJI,0.055903854,0.055879862,0.068453815,0.051112464,0.052113592,0.045883411,0.046277821,0.041240573,0.053247016,0.063755941,0.07466545,0.06957976,0.07186172,0.065154051,0.068446494,0.066135284,0.068810794,0.083709495,0.077705282,0.049727617,0.044511306,0.041173095,0.022115308,0.02578537,0.039107784,0.030456767,0.018811456,0.014678685,0.003908876,0.003636714,0.007564335,0.011940089,0.010920562,0.019903265,0.02204818,0.014590075,0.015680614,0.017038596,0.004018608,0.000486341,0.00603725,0.006559245,0.013389275,0.02420659,0.027640444,0.032493124,0.036169892,0.035789564,0.040826962,0.042635901,0.038247979,0.040973272,0.040163714,0.028010138
N. Zealand ,NZL,0.034728652,0.034159768,0.042301614,0.030645679,0.031440069,0.036167193,0.039973541,0.046070917,0.055694454,0.058824996,0.061966222,0.059482452,0.061151732,0.068193929,0.060448946,0.065115583,0.071117689,0.072385158,0.077039922,0.071639324,0.035544517,0.030252558,0.024288912,0.007723764,0.018740753,0.043001096,0.035544838,0.029320349,0.023765927,0.009029508,0.006424654,0.012653847,0.020974599,0.03634344,0.050980965,0.054431813,0.055187899,0.044458325,0.024520659,0.015094476,0.01413718,0.012046925,0.017645901,0.031595715,0.037928263,0.036926974,0.033161628,0.026065455,0.01444402,0.009800787,0.003838306,0.003038037,0.006416065,0.008487272
Austria ,AUT,0.048838505,0.045271901,0.035507355,0.044995914,0.025042855,0.020276155,0.029035421,0.045193534,0.056771993,0.08157716,0.091661091,0.080473814,0.070203627,0.061244885,0.059650178,0.058203841,0.055177846,0.05884064,0.065140716,0.062019822,0.05722472,0.05375772,0.044670342,0.033258987,0.021592423,0.019723527,0.013281847,0.01020367,0.009883722,0.010853212,0.011038785,0.017091496,0.02511447,0.0310968,0.03887261,0.043957912,0.042771901,0.033645518,0.021048984,0.015841849,0.017266414,0.017181108,0.02306464,0.033917291,0.037951136,0.036676979,0.037279479,0.032440747,0.027076933,0.021934019,0.017457923,0.017178765,0.018073395,0.013876737
Angola,AGO,0.016091909,0.015521138,0.017505581,0.020468901,0.020639614,0.018337268,0.013091094,0.022149648,0.02506614,0.026812485,0.029206111,0.034275281,0.035226607,0.034706052,0.032574661,0.034421168,0.037136993,0.029373765,0.029268124,0.023505488,0.018379224,0.019852802,0.017769266,0.013463202,0.019756786,0.018187699,0.015744064,0.012462992,0.006739605,0.010166766,0.016469469,0.014534594,0.024844694,0.033044973,0.026830048,0.018894943,0.012214824,0.008395972,0.008520213,0.010826563,0.015325716,0.026419629,0.029133853,0.03117608,0.029364708,0.029010208,0.025761816,0.025439879,0.021513108,0.021479834,0.021394361,0.021538759,0.022975567,0.021567638
Jamaica ,JAM,0.006301335,0.032952245,0.030158699,0.031767436,0.01950732,0.016408583,0.016027057,0.014719128,0.019808683,0.015860085,0.02822764,0.031182598,0.018832057,0.008031619,0.020149626,0.005647596,0.003741685,0.020977952,0.033333501,0.022713923,0.022214385,0.017872195,0.002328406,-0.006363311,-0.009416443,-0.002282536,0.00369809,0.016265354,0.018429728,0.021555066,0.020485415,0.015000934,0.013410758,0.009398974,0.00294878,0.000339392,-0.007391833,-0.007571443,0.003103405,0.009645382,0.017247307,0.025171444,0.028716519,0.01980401,0.021727304,0.020706683,0.022589056,0.025632114,0.02929605,0.024629824,0.025186319,0.022503321,0.01961065,0.01088312
Mauritania ,MRT,0.023794724,0.028071953,0.019017722,0.013406659,0.024176226,0.013095713,0.004144887,0.015109541,0.023101834,0.028793469,0.036542301,0.043837806,0.036128755,0.037126557,0.035630964,0.028460024,0.027919449,0.033659031,0.038084514,0.035826079,0.035058713,0.034760761,0.030923728,0.025312644,0.026257723,0.024723558,0.020235528,0.0072097,0.005003354,0.008101114,0.016813596,0.016330325,0.030624235,0.03390642,0.025648104,0.014264857,0.004443126,-0.002205348,-0.007308344,-0.001751092,0.003842774,0.011433137,0.019249224,0.023981766,0.026261167,0.031710781,0.032535532,0.03012382,0.025754471,0.021244313,0.017158558,0.019341713,0.017876113,0.015370901
Sao Tomé & Principe,STP,0.026493984,0.0153018,0.011453659,0.000337484,0.016278611,0.007799322,0.008776947,0.017422516,0.028636483,0.026073269,0.034445955,0.043892853,0.037776078,0.039556378,0.035131051,0.02293681,0.016044148,0.02157278,0.02345066,0.016716446,0.016153583,0.020938807,0.019573001,0.019407994,0.026435666,0.026707114,0.021234467,0.008491646,0.005886689,0.013805295,0.022044715,0.024063836,0.035220552,0.035259927,0.027618782,0.022899503,0.014604779,0.0133814,0.009939969,0.010643098,0.012089765,0.020435449,0.022885798,0.026122944,0.027684608,0.031011491,0.026025094,0.021334836,0.018389857,0.016187873,0.014484171,0.017684311,0.017835954,0.011882658
Togo,TGO,0.033537146,0.026892152,0.039396489,0.040317506,0.042694506,0.04204409,0.041683063,0.035543624,0.033365667,0.031989213,0.029195215,0.035085438,0.035993563,0.036390122,0.036332507,0.036414116,0.036908939,0.037211543,0.039943835,0.033789599,0.027040616,0.019835879,0.012916087,0.004038352,0.004267801,0.004982864,0.005255448,0.005480316,0.005727398,0.005891022,0.005525506,0.00572328,0.005882226,0.005981041,0.006350541,0.00709012,-0.054390902,-0.063072472,-0.046586011,-0.035520467,-0.015843081,0.062171622,0.044966012,0.044267603,0.0588595,0.051220192,0.054011769,0.09102456,0.085614033,0.070262292,0.068036867,0.062293605,0.064642509,0.066736576
Jordan ,JOR,0.05401556,0.013640942,0.042424248,0.037636821,0.057960137,0.062751255,0.076189878,0.071744992,0.063860689,0.063880463,0.057454079,0.060734975,0.055634992,0.050274226,0.044448216,0.043929418,0.035096267,0.034178807,0.038822837,0.03557249,0.040838626,0.040628085,0.029026818,0.026383007,0.02897523,0.007201263,0.006748856,0.015584689,0.007135886,0.005868718,0.005954772,0.006169697,0.000380615,0.003125756,-0.006756905,-0.021075845,-0.040145542,-0.052091503,-0.0486972,-0.039628341,-0.011390258,-0.013990841,-0.01072484,-0.002661693,0.00231266,0.007381892,0.0355947,0.056742579,0.059317891,0.063837173,0.065005285,0.069458411,0.072797352,0.073891603
(Centre-   North)           Italy ,ITA,0.022985744,0.031263434,0.037262339,0.053988202,0.055326941,0.054281519,0.050714027,0.041893181,0.023182936,0.02365044,0.016089225,0.017506151,0.023754892,0.037767411,0.034126012,0.031678228,0.030105402,0.028332476,0.025031261,0.026534999,0.027322403,0.023028887,0.024573204,0.020322641,0.015046678,0.015275847,0.011815037,0.007679279,0.009099563,0.012864071,0.009469064,0.014600642,0.01185327,0.013419779,0.010552873,0.003453753,-0.026489377,-0.031966968,-0.035138712,-0.030322857,-0.013439396,0.023983762,0.030713849,0.032435834,0.028325358,0.023370536,0.019410956,0.023736926,0.029441023,0.036768134,0.043475796,0.051815597,0.060576469,0.060390076
Bangladesh,BGD,0.043622893,0.015177802,0.027903116,0.038648335,0.040979606,0.035153424,0.056024554,0.045643288,0.043588051,0.047213247,0.038583059,0.040139907,0.043161514,0.034339668,0.028995764,0.026595055,0.024275611,0.017437231,0.025477986,0.024586069,0.029151584,0.02025815,0.028010276,0.022477685,0.018062717,0.016717083,0.018630819,0.014497133,0.008555522,0.014260112,0.007808848,0.010748488,0.006925404,0.015036042,0.00569647,-0.002999742,-0.032602291,-0.041602141,-0.047707198,-0.038006906,-0.021941076,0.004399724,0.017216067,0.02609188,0.026504627,0.032155415,0.039296405,0.041808935,0.041196301,0.044215194,0.043506148,0.043753473,0.034727868,0.028627302
Albania ,ALB,0.026869992,0.026697441,0.032770281,0.031512669,0.026643594,0.028463095,0.036519123,0.024324732,0.027581981,0.031859489,0.033304211,0.0310083,0.041969745,0.042730692,0.032077089,0.031768246,0.033530159,0.040747933,0.043410845,0.057177482,0.055761592,0.046055258,0.034976549,0.027352372,0.011907332,-0.002352408,-0.017939349,-0.02328479,-0.020928752,-0.010013404,-0.002784836,0.014828117,0.014501235,0.010388337,0.001176877,-0.020120575,-0.039524712,-0.031508149,-0.028469681,-0.015196907,0.019189808,0.047293592,0.056982091,0.059963402,0.058871905,0.053834865,0.043868547,0.032856668,0.030851419,0.03256763,0.031350793,0.041446729,0.052196333,0.054705352
Oman,OMN,0.059489642,0.052704648,0.046309249,0.040816975,0.035710185,0.031625947,0.03745445,0.037266715,0.043898874,0.048392668,0.052930216,0.062584556,0.064458015,0.050942401,0.045722766,0.036379947,0.040356722,0.043636719,0.048841043,0.051904709,0.056845966,0.039887531,0.031525316,0.0316554,0.026659103,0.019141023,0.00853399,0.005265049,-0.001796475,0.001430611,0.001119207,0.006195814,0.001886802,0.002904838,-0.01162861,-0.033301425,-0.061705388,-0.073735408,-0.069359653,-0.05491951,-0.018834821,0.016750986,0.023063798,0.010077903,2.65E-05,-0.009280444,-0.006468239,0.015716862,0.036276816,0.05576483,0.059544514,0.064057505,0.066510714,0.070611828
Swaziland,SWZ,0.03117167,0.049134722,0.040169777,0.046269952,0.033873948,0.035565586,0.028173916,0.029746117,0.010783612,0.038827075,0.032684956,0.032296589,0.036916154,0.054733019,0.033159266,0.037682406,0.033615674,0.026011359,0.030982734,0.033990095,0.019318033,0.023435165,0.027239375,0.015961647,0.009424024,0.009360044,0.002173972,0.002513047,0.003894923,0.007208475,0.008601422,0.014787994,0.012418114,0.010408619,0.011728621,0.00547455,-0.014804465,-0.046687101,-0.068879486,-0.097989442,-0.102076953,-0.094599767,-0.061149955,-0.045518908,-0.007260963,0.020677469,0.039598664,0.046728631,0.067665403,0.074836244,0.071504199,0.076678583,0.083539606,0.077765464
Liberia,LBR,0.009842029,0.008232483,0.029695116,0.031711554,0.010293849,0.012022339,0.020922197,0.007808225,-0.008661974,0.024857768,0.027617429,0.015184324,0.024222755,0.038124871,0.034967673,0.027661029,0.035634594,0.035941182,0.038935508,0.034404973,0.021527238,0.011302517,0.016961688,-0.003917198,-0.002585271,0.00204719,-0.009171968,-0.026904927,-0.011003723,-0.020280084,-0.03590299,-0.010273033,0.001435986,-0.009174185,-0.025679835,-0.012050315,-0.007563409,0.002340663,0.018944392,0.044840641,0.038916571,0.030724247,0.031319088,0.028098832,0.010282863,0.015538898,-0.003059024,-0.03962178,-0.033175783,-0.013916487,0.003087388,0.026955268,0.066596022,0.058111315
Gambia ,GMB,0.028695496,0.021857945,0.026199602,0.034235016,0.037500312,0.039279368,0.051461141,0.047171216,0.03132293,0.021659483,0.009541543,0.007235634,0.003402759,0.018845012,0.029561915,0.045381753,0.053470394,0.067346139,0.074879677,0.073701513,0.064970119,0.063946617,0.052316611,0.038127106,0.036833644,0.044068864,0.016451177,0.008504722,-0.007827772,-0.010301459,-0.01106283,0.014116288,0.020425759,0.027617592,0.0238382,0.00024792,-0.012369476,-0.019220495,-0.008567928,-0.003034965,0.014238108,0.016834845,0.02502632,0.015565032,0.004811733,0.00515478,0.003696314,0.002570914,0.005139835,0.016293607,0.014575595,0.02041757,0.027729063,0.03635104
Burkina Faso,BFA,0.016128955,0.011821616,0.018380131,0.013235421,0.006805341,0.01441412,0.019891232,0.009256574,0.011035576,0.027902006,0.013975817,0.026835084,0.024747838,0.02021897,0.023929003,0.02708234,0.023463468,0.01473076,-0.003692183,-0.008909593,-0.039652404,-0.049301993,-0.028407395,-0.000916302,0.013746497,0.058579511,0.064163402,0.013859718,-0.008131381,-0.012814168,-0.02404479,-0.024986335,0.017093724,0.037429016,0.046282708,0.04940448,0.053527687,0.064272837,0.063647545,0.054232706,0.068393051,0.068000083,0.057713623,0.050933948,0.038519422,0.027379849,0.020260894,0.012340269,0.014425732,0.030493275,0.034430748,0.039485629,0.045802065,0.044593026
Chad ,TCD,0.01964336,0.021435103,0.016222108,0.009138536,0.009568368,0.010244645,0.012183292,0.015653418,0.017403471,0.015781595,0.014926822,0.016030437,0.014272925,0.020435913,0.021593615,0.028485451,0.030399075,0.038014171,0.040184739,0.039791424,0.031919921,0.030570491,0.024843792,0.029234176,0.029175585,0.032927478,0.027590443,0.020700578,0.006522629,0.002455256,0.000679925,0.008369766,0.017230428,0.02262755,0.022492258,0.024688067,0.017608712,0.015791144,0.019030648,0.022900217,0.025370327,0.025777472,0.025219006,0.016292113,-0.000878992,-0.003481336,-0.003205225,-0.004693865,0.001829311,0.020453472,0.022983212,0.03225178,0.040839939,0.040290348
India ,IND,0.030052182,0.027900781,0.034358021,0.044004701,0.029751959,0.028440775,0.022162352,0.016083412,0.020159017,0.035640689,0.032479004,0.037463911,0.040839559,0.040298576,0.030958458,0.031342589,0.027429184,0.032470356,0.035668866,0.036732333,0.036125507,0.037370918,0.028387527,0.028886386,0.035484708,0.041470168,0.050761757,0.042367801,0.017013492,0.006447849,-0.004028255,-0.027780119,-0.022339613,-0.010628165,-0.008706051,-0.003551182,0.013094135,0.017125357,0.018961668,0.019721881,-0.002757759,-0.000551209,0.006015431,0.012754379,0.012356411,0.03923796,0.029413964,0.018313271,0.0117196,0.012589359,0.006495243,0.016841442,0.022125812,0.021887045
Tanzania ,TZA,0.032133004,0.025510357,0.024654233,0.012439466,0.007602592,0.01895641,0.02692375,0.031486761,0.039824308,0.052535739,0.038938966,0.038112986,0.03148438,0.020220608,0.011910113,0.014081286,0.006640226,0.00512114,0.017672153,0.023007709,0.023362419,0.017497602,0.011309923,0.001300378,0.002966322,-0.002936406,0.003338715,0.004301475,-0.023556422,-0.025424986,-0.029712671,-0.018961324,-0.002599501,0.009411149,-0.025096321,-0.038777801,-0.051568158,-0.067699178,-0.042583156,0.006959427,0.034986803,0.035129135,0.0507874,0.040756613,0.018890684,0.009024516,0.005309044,0.002563889,0.012499918,0.021057124,0.029102229,0.044569365,0.052548785,0.064274788
Afghanistan,AFG,0.028088445,0.015848738,0.014742488,0.010063533,-0.020530383,-0.015076217,-0.012387975,-0.018469656,-0.022565719,-6.62E-05,-0.004080955,-0.002475261,-0.005731137,-0.003028628,0.005412545,0.013003164,0.00619034,0.009330491,0.009395161,0.005247103,0.008830401,0.01773699,0.02623838,0.034303312,0.03938375,0.038860606,0.041767731,0.011901163,-0.010582125,-0.024602229,-0.032386574,-0.026328285,0.015631843,0.028112446,0.032995577,0.030617503,0.020710739,0.021093182,0.026922536,0.03926608,0.03504164,0.039072337,0.033213117,0.036820773,0.016553953,0.016659623,-0.001034393,-0.033280749,-0.037323423,-0.009601099,0.006445369,0.022342944,0.061636151,0.074766283
Greece ,GRC,0.032356431,0.03550522,0.047059678,0.042906728,0.035003921,0.01969012,-0.002691167,-0.020723862,-0.014296282,-0.008864217,0.00402307,0.01458048,0.018381334,0.023301068,0.014236837,0.016330784,0.015411798,0.006443471,0.007225921,0.004731217,-0.003778805,0.009081749,0.018900676,0.009950812,0.007723519,-0.006431143,-0.020757979,-0.036210965,-0.047664905,-0.046126567,-0.034168266,-0.023799094,-0.012070535,0.007539356,-0.012583926,-0.004943528,0.004152696,0.009572287,-0.000429831,0.01374491,0.01217408,-0.00587403,-0.004366772,-0.003435285,-0.010079372,-0.00975205,-0.00190771,-0.031575519,-0.047119308,-0.001979486,0.01069093,0.023092453,0.059817603,0.088114407
Indonesia (Java before 1880),IDN,-0.00696696,-0.032526804,-0.044916685,-0.021349525,-0.026202506,-0.028219863,-0.012368146,0.004959406,0.012611229,0.02265966,0.02368664,0.033600487,0.034726139,0.038565166,0.037656973,0.038046388,0.031144065,0.028720632,0.025434238,0.026703864,0.029419616,0.037272431,0.035490711,0.028657833,0.018603167,0.004418943,-0.007670344,-0.023117501,-0.036903593,-0.033690088,-0.03245824,-0.040255368,-0.026935541,-0.011356992,-0.008715246,0.001523413,0.017236746,0.014305945,0.014655207,0.01802446,0.017314145,0.016023053,0.023096512,0.02499674,0.016860277,0.01281805,0.007685446,0.002981519,-0.001365898,0.006156743,0.010129416,0.016548731,0.021013282,0.028174404
Bulgaria ,BGR,0.046142484,0.033537705,0.026224134,0.020565847,0.025629622,0.019974071,0.034205664,0.02968453,0.023015697,0.026530718,0.028589002,0.036594039,0.03756663,0.036825787,0.041103918,0.037253878,0.036030517,0.042240187,0.043098595,0.041091951,0.032083582,0.029874432,0.029775683,0.024327728,0.022830803,0.02238538,0.007655105,-0.023489058,-0.027790312,-0.022242832,-0.024385499,-0.010257566,0.013580102,0.015182817,0.011745104,0.018073535,0.013105157,0.022224007,0.029867198,0.027373204,0.027503126,0.024031557,0.017057526,0.019597657,0.027469447,0.024486578,0.026382169,0.022906808,0.020867375,0.014846252,0.024218698,0.040285661,0.05068101,0.043572205
Argentina ,ARG,-0.004064134,-0.002872396,0.017480047,0.044525303,0.011009815,0.004635139,-0.008968826,-0.031891214,-0.029757138,-0.005622073,-0.006268667,0.000119291,0.018938374,0.004714224,0.00114226,-0.007240949,-0.00144028,-0.01390712,0.01540114,0.028351933,0.046294554,0.036693529,0.037591742,0.033691602,0.030027254,0.019225953,0.031481139,0.027767227,0.021390894,0.023229626,0.028896271,0.012360863,0.006285081,0.004351135,-0.002105289,-0.006126486,-0.030763377,-0.05769077,-0.092958805,-0.088962899,-0.081647193,-0.041931508,-0.0058378,0.032667572,0.042074364,0.046275408,0.034960167,0.031276725,0.036392101,0.034707705,0.045956643,0.06416742,0.076294345,0.077195165
Malaysia ,MYS,0.02865382,0.024415832,0.020159948,0.032864804,0.022200062,0.019506152,-0.004503944,0.014801861,0.017183957,0.029469028,-0.006794954,0.023613604,-0.001014531,-0.012624459,-0.004268968,0.044028959,0.039477121,0.057770113,0.082567772,0.07303038,0.062194624,0.055294315,0.041375965,0.023084475,0.020674131,0.023527765,0.018785625,0.012990815,0.01739184,0.00974561,-0.006818804,-0.008616526,0.002664749,-0.004320971,0.019554141,0.015173088,0.011446906,0.017491214,0.031079089,0.011971517,0.033402998,0.046158641,0.041625552,0.041242435,0.050042132,0.050453577,0.040000232,0.035941939,0.021830427,0.011705873,0.019049138,0.036780268,0.042512376,0.054187024
Russia,RUS,0.035266472,0.036546116,0.021304851,0.01948124,0.010255143,0.011697888,0.014810748,0.016661846,0.015066387,0.019804391,0.015137561,0.00974634,0.013383321,0.017085604,0.007269062,0.013444928,0.020992456,0.035120786,0.074555084,0.083250134,0.08159749,0.087682101,0.072391633,0.038361412,0.036271098,0.035187905,0.025247727,0.015038581,-0.003194426,-0.004934527,-0.005598113,-0.006780222,-0.020830024,0.005145572,-0.002042062,-0.004662802,0.002251211,0.020433772,0.001962318,0.011086336,0.007884164,0.000774747,0.00199583,0.00426663,-0.015015185,-0.007390723,-0.00193636,-0.000175273,0.003354356,0.030819269,0.03241998,0.031616376,0.028835235,0.037380841
Nepal ,NPL,0.017583629,0.028267558,0.023369041,0.01309799,0.019170187,0.016586068,0.007771556,0.019954933,0.023898551,0.033204096,0.035609325,0.04193521,0.029068845,0.026285636,0.013996978,0.008052814,0.004591427,0.007309902,0.011741392,0.020027877,0.027436085,0.026479072,0.025987329,0.029954555,0.013519888,-0.012270103,-0.029007973,-0.04424347,-0.052239172,-0.042969244,-0.022086467,-0.008994039,0.002045998,0.002883044,2.05E-05,0.001285377,0.005008575,0.014261628,0.023168924,0.032866775,0.038835746,0.036345582,0.03005405,0.024676233,0.019372775,0.011491825,0.011328076,0.007436877,0.004683067,0.001955657,0.003960429,0.009097107,0.014189164,0.014897532
Kuwait ,KWT,-0.009419931,0.005117997,0.011999245,0.013839589,0.019817045,0.019783804,0.010787515,0.006875457,0.016319244,0.015948793,0.02213639,0.02689693,0.030317084,0.031092486,0.033460626,0.03589168,0.035472606,0.041286527,0.03691365,0.039617991,0.031715982,0.035055917,0.035760498,0.032149764,0.02892866,0.032567819,0.018653082,-0.003420792,-0.019268582,-0.027837019,-0.036826416,-0.038682582,-0.02890991,-0.018566852,-0.012158154,-0.004850132,0.002831065,0.010552154,0.015452641,0.015777313,0.019707298,0.019055242,0.017028315,0.01839255,0.019754401,0.01888716,0.018836189,0.018366025,0.01378209,0.012406981,0.010997174,0.016080088,0.020355486,0.021335397
Libya ,LBY,-0.001608119,0.011788285,-0.011925882,0.0092357,-0.01643415,0.003760334,-0.021379068,0.008601791,-0.020204808,-0.015560838,-0.025899818,-0.019143329,-0.040997948,-0.020472301,-0.0096047,-0.002629783,0.013428509,0.027180126,0.029530027,0.036943207,0.023979943,0.026926585,0.01959231,0.020077813,0.021714642,0.041400915,0.018434639,0.009985578,0.001546614,-0.012562337,-0.027193908,-0.022697552,-0.017977413,-0.018526765,-0.017562617,-0.018585563,-0.017870573,-0.044886184,-0.050706724,-0.068876474,-0.05950595,-0.052486779,-0.018909765,-0.009830631,0.013348207,0.005791916,-0.004070063,-0.010238525,-0.013740085,-0.026158231,-0.024569933,-0.016915595,-0.009216951,-0.007294981
Japan ,JPN,-0.003142411,0.001402046,0.002318368,-0.00724088,0.009116011,0.015732378,0.00470146,0.006285674,0.006709904,0.011133025,0.015097867,0.021068458,0.020696387,0.025004016,0.016373863,0.006498739,0.003107585,-0.00066488,-0.00278193,0.022803307,0.021633078,0.034435009,0.048330783,0.058720402,0.040417818,0.035482576,0.018813572,-0.005137881,-0.025078454,-0.026587431,-0.018900483,-0.021255423,-0.006402515,0.004990987,0.005462549,-0.001864913,0.003127202,0.003846968,0.008408991,-0.002616555,0.004545439,0.00629418,0.005060026,-0.002263712,-0.001546177,0.001286364,-6.70E-05,-0.003872761,-0.000477762,0.015940401,0.019066959,0.02767304,0.035488757,0.035308343
Namibia ,NAM,0.087747015,0.091727027,0.104135528,0.077687174,0.064629328,0.056031913,0.042918886,0.019786989,0.02320628,0.027031369,0.029563028,0.029762649,0.031453314,0.035595415,0.036876325,0.046271059,0.039800386,0.039504095,0.046935083,0.023471516,-0.000197347,-0.012919666,-0.022034204,-0.035951236,-0.031187744,-0.040834426,-0.023612978,-0.018154925,-0.013685723,-0.009886153,-0.006564565,-0.006284361,0.009164166,0.010677437,0.025812445,0.046246413,0.044009503,0.030547036,0.026536395,0.013014489,0.005408472,0.002364475,-0.003573483,-0.009770148,-0.009349061,-0.01224473,-0.009221725,-0.004809337,0.005035715,0.006383984,0.007342555,0.010206701,0.011337696,0.00345865
North Korea ,PRK,0.050953017,0.037009083,0.021250427,0.016881618,0.001661298,-0.008703094,0.005650907,0.010032546,0.030261589,0.050080338,0.066359328,0.057860594,0.050222708,0.031606733,0.022092624,0.005597524,0.008632505,0.001939304,0.009730948,0.023886347,0.021612233,0.022129042,0.031925926,0.006770222,-0.078376137,-0.071939685,-0.071866076,-0.087532671,-0.064258014,-0.007325642,-0.020295753,-0.032345473,-0.031612298,-0.063400526,-0.062788741,-0.058610177,-0.060393707,-0.059995674,-0.039085039,-0.029167164,-0.017794786,-0.003422384,0.007520541,0.017828159,0.047946275,0.029518346,0.027089489,0.01891661,0.016278605,0.033111322,0.010403821,0.012625521,0.018212805,0.020025594
Comoro Islands,COM,0.014119961,0.026303142,0.036113939,0.026165997,0.0310247,0.030745015,0.04073373,0.036106862,0.051591113,0.046930621,0.052303154,0.045785521,0.045655339,0.041486439,0.048426832,0.043305922,0.044907774,0.039356221,0.037654661,0.027203928,0.019264923,0.007452137,-0.00062509,0.007899907,0.012909809,0.039086719,0.044987718,0.055319726,0.036736679,0.027430236,0.008247487,0.006630022,0.000781924,-0.033842729,-0.033617243,-0.033472473,-0.022956973,-0.012141714,0.032573456,0.039707196,0.034279689,0.021512196,0.014152965,0.01170702,0.012184992,0.013585583,0.010279349,0.00660375,0.006684706,0.008798819,0.00995482,0.017695273,0.026849797,0.030968846
Tunisia ,TUN,-0.007864348,-0.003221479,0.009434155,0.015022971,0.011205451,0.004207503,0.005189157,0.009764875,0.004109995,0.013106621,0.022521529,0.015154946,0.013710763,0.01514509,0.01410315,0.014875887,0.021235907,0.01876279,0.026395649,0.03441357,0.034599743,0.039914362,0.051635406,0.059231018,0.066113414,0.082673519,0.08604016,0.055599776,0.026290199,0.009860583,-0.010485801,-0.027613442,-0.012622721,0.005895576,0.011083445,0.009365728,0.014709709,0.00961937,0.00498919,-0.000330193,0.002662284,0.000486522,0.002516702,-0.005829602,-0.010436201,-0.019645778,-0.017851882,-0.022741457,-0.014303875,-0.007018016,-0.000240786,0.004393323,0.018118405,0.022266309
Peru ,PER,0.043252718,0.051910602,0.048592534,0.039722285,0.048134235,0.052435679,0.053011308,0.055076338,0.069532772,0.06322811,0.066463168,0.063084632,0.062873443,0.053948293,0.058229369,0.061133998,0.058740875,0.056550692,0.059735481,0.044099596,0.018147409,0.013209175,0.013807844,0.013784622,0.024123769,0.033303145,0.029312349,0.011218024,-0.000566263,0.002882326,0.004617535,0.018315815,0.035191705,0.047852975,0.04346789,0.047092983,0.035931721,0.035782256,0.032210925,0.030611843,0.032063333,0.033213082,0.030313185,0.02800469,0.028915412,0.02719417,0.026010667,0.021027315,0.018011383,0.013009892,0.012063721,0.013106455,0.013370526,0.007963722
Rwanda,RWA,0.032732916,0.053726581,0.062844337,0.072419351,0.079687782,0.076892568,0.047218565,0.040365333,0.036767393,0.034398226,0.023769365,0.025739556,0.023805442,0.027211722,0.030338927,0.032371055,0.027158616,0.033230699,0.024806783,0.027704985,0.020353549,0.035493109,0.03598819,0.054393165,0.0517237,0.063087381,0.052748584,0.027210121,-0.012024643,-0.00974937,-0.033164132,-0.048002861,-0.044760584,-0.035186592,-0.046036572,-0.032804438,-0.017273633,-0.008004335,-0.000559613,0.010978017,0.017239013,0.018955445,0.028450597,0.041134839,0.046770534,0.048515051,0.049580268,0.049967099,0.068882364,0.071284071,0.072346064,0.092300026,0.09506779,0.070516592
Egypt ,EGY,0.051730819,0.046435225,0.034179984,0.045686201,0.042684664,0.028076905,-0.021420003,-0.028480753,-0.030838401,-0.0124177,0.011642504,0.061833265,0.051314081,0.02715636,0.020298538,0.020982051,0.012708891,0.02461935,0.04433535,0.032138069,0.022790052,0.014114703,0.022809092,0.031273215,0.044731815,0.040221195,0.054201058,0.058253226,0.051610622,0.060745025,0.074417168,0.07542858,0.079299005,0.077887811,0.056137274,0.042536322,0.042575732,0.041842234,0.047849487,0.065141119,0.088848496,0.080116007,0.071631127,0.053018667,0.046894542,0.036211072,0.053837284,0.068515622,0.099189864,0.103259342,0.102624344,0.099773339,0.084723355,0.069635808
Uruguay,URY,0.017664692,0.023812872,0.015432469,0.017277996,0.013187274,0.021984873,0.015962763,0.02214254,0.017103987,0.027478386,0.004604385,0.000948031,0.012567966,0.007519463,0.005663669,0.024048299,0.023577479,0.006552518,0.010760788,-0.000315572,0.00667161,0.007626774,0.023534592,0.02506541,0.012021632,0.008998325,0.01891423,0.010212075,0.015505763,0.034260424,0.02823106,0.024275258,0.026759858,0.031196999,0.036884281,0.039450461,0.034496329,0.037267719,0.028810612,0.028877822,0.033407433,0.046228567,0.044034723,0.046022431,0.04621049,0.040623782,0.036533576,0.035743291,0.039457962,0.043724931,0.051859218,0.059493211,0.070747295,0.067448511
Bahrain ,BHR,0.030148486,0.020292129,0.016448504,0.007231631,0.00504918,0.013667815,0.018641752,0.009500555,0.000996539,-0.001828268,-0.004839097,-0.01637075,-0.018288228,0.013605295,0.02478074,0.044405432,0.052707053,0.078593918,0.086932707,0.069862202,0.042407234,0.053209019,0.044795781,0.024201656,0.0289214,0.046108739,0.040316863,0.018372908,0.015533448,0.019906719,0.008937994,0.009904272,0.028288819,0.034465382,0.03907449,0.04851945,0.054241049,0.058507554,0.061251354,0.058346079,0.060546524,0.058263274,0.053309635,0.010025326,-0.002772664,-0.008711016,-0.016005302,-0.015973007,0.021971658,0.030855621,0.033044696,0.037053081,0.041037244,0.043860851
Algeria ,DZA,0.076035494,0.067591267,0.060623745,0.058566157,0.065994697,0.075467894,0.084691385,0.08780377,0.092925364,0.097840658,0.082801684,0.080062029,0.08409366,0.092536917,0.093814133,0.103604269,0.090669051,0.084576052,0.074487823,0.046616363,0.03150748,0.030521226,0.023642111,0.019369582,0.033854309,0.034305782,0.033432624,0.031367058,0.025980578,0.023339396,0.026868894,0.026542954,0.02912259,0.037335243,0.039645663,0.041515037,0.042935394,0.036484951,0.024731999,0.017171341,0.011267396,0.010092973,0.011827196,0.007479006,0.005403584,0.006057857,0.001534337,-0.00097767,0.00664415,0.011974394,0.010462569,0.013653909,0.017809481,0.012564878
Poland ,POL,0.048698139,0.041475824,0.039904688,0.029224831,0.027855872,0.016903198,0.014145557,0.012796318,0.019591628,0.012917465,0.020415747,0.018050907,0.019202189,0.015355425,0.018045412,0.015548969,0.017944038,0.018614215,0.026633324,0.024867492,0.02880721,0.03551132,0.035914076,0.028664173,0.032639843,0.031604895,0.02171104,0.018295811,0.012554738,-0.012970609,-0.037066035,-0.037148078,-0.0356695,-0.026436961,0.000704921,0.022427412,0.014962712,0.007820205,-0.000603386,-0.003704728,-0.000387181,0.011995702,0.021186839,0.015544166,0.012994281,0.012665567,0.007119019,0.004340803,0.015457235,0.022564672,0.023654074,0.028852516,0.035021781,0.033636957
Singapore ,SGP,0.064809279,0.078591146,0.076166538,0.028580509,0.020299161,0.009655985,0.016460997,0.006470057,0.01290427,0.022595219,0.03210884,0.047124683,0.057227521,0.066140942,0.079804652,0.085760387,0.082470048,0.083546309,0.092815601,0.081280233,0.078447557,0.083096196,0.08971196,0.075493916,0.073268363,0.05407331,0.043530481,0.038406405,0.042619972,0.045915611,0.066271039,0.078014884,0.08699745,0.08763404,0.083538484,0.089495418,0.085661775,0.073886783,0.063984185,0.06885448,0.06799121,0.063644743,0.06449059,0.03986654,0.044011621,0.043970633,0.037803082,0.040911995,0.059678126,0.048359031,0.039777893,0.043167333,0.039750437,0.039130892
Madagascar,MDG,0.029529236,0.018356798,0.009269701,-0.004643083,0.020034956,0.026724023,0.034189203,0.047786861,0.056901234,0.047068354,0.039372099,0.05126596,0.052674343,0.053189435,0.055534588,0.053133599,0.040784477,0.033076785,0.03712444,0.031446965,0.029432478,0.039308307,0.051690667,0.052654599,0.05497936,0.054529033,0.048782978,0.040617317,0.032928813,0.034771941,0.036119885,0.036208901,0.045018676,0.060498634,0.073676869,0.087204777,0.093496821,0.093321249,0.084641231,0.076754881,0.071087651,0.065894301,0.041815185,0.008917511,0.003150041,-0.002805644,-0.006180938,0.012160308,0.043387504,0.047208754,0.046758097,0.049924883,0.048647535,0.037793806
Bolivia ,BOL,-0.012085365,0.00373382,-0.006644341,-0.014030098,-0.00775792,0.014135852,0.004562503,0.007411756,0.031105201,0.022699927,0.022223793,0.013634425,0.010006999,0.008306935,0.008788878,0.00709157,-0.005730765,-0.02654962,-0.042916196,-0.023049367,-0.034159253,-0.016015952,0.009288414,0.020835368,0.004797968,0.007171955,0.003693463,0.005814118,0.002670991,0.005419428,0.011241925,0.014313923,0.020149312,0.016126045,0.010220957,0.016974574,0.01660246,0.019727426,0.024559993,0.02928765,0.027525554,0.029815884,0.030375951,0.031461437,0.032745332,0.034480675,0.035517002,0.033371805,0.033295675,0.036042964,0.036163267,0.039035688,0.043348451,0.045555242
Saudi Arabia ,SAU,0.033521825,0.01865208,0.025756894,0.014601041,0.057521388,0.038477297,0.02993455,0.035113097,0.04642693,0.020018089,0.018190337,0.004461429,-0.00695163,-5.66E-05,0.004291688,0.007941642,0.022937527,0.018625053,0.00495863,0.007167769,0.006716211,0.012511408,0.023259226,0.037858686,0.037186639,0.045363289,0.04437095,0.042970559,0.03776746,0.037640021,0.026755077,0.013451101,-0.004985726,-0.036073917,-0.037228847,-0.036257225,-0.035422553,-0.008980973,0.027107773,0.033555091,0.040807757,0.05548005,0.047666258,0.047219435,0.054685701,0.068588403,0.078915472,0.091963219,0.108613324,0.114246846,0.114304878,0.11821258,0.118512266,0.112202175
UAE,ARE,0.03509864,0.035229722,0.035078859,0.035183158,0.035186385,0.035216013,0.035130549,0.052747884,0.069072943,0.074115715,0.090157513,0.084449284,0.057222001,0.036297311,0.043149264,0.033723474,0.041735366,0.06055294,0.078030529,0.058158219,0.041831767,0.057831472,0.061094135,0.054791237,0.066762369,0.084824201,0.072193712,0.054142638,0.049233202,0.05571394,0.039754918,0.044994613,0.065951595,0.072191583,0.0581799,0.065654047,0.056028715,0.042373131,0.036375503,0.039848698,0.033270665,0.027203516,0.024690407,0.002436428,-0.001326549,0.012951107,0.009314877,0.004684022,0.02332696,0.035183827,0.03399605,0.047486827,0.057112915,0.055989417
Mexico ,MEX,-0.013034592,0.008917651,-0.002311522,-0.003762442,-0.003092932,0.009427854,0.011278446,0.023892519,0.033890304,0.033192897,0.033449452,0.030054167,0.022604316,0.03075329,0.030270196,0.028790147,0.033833183,0.045780304,0.056788769,0.06036235,0.049591228,0.059441886,0.060843273,0.050211608,0.051560375,0.066650052,0.056115948,0.051504619,0.046032224,0.045003577,0.025959169,0.014267646,0.013017479,0.018160177,0.021428217,0.042999835,0.059091098,0.065823351,0.067717898,0.066938244,0.066898554,0.068239128,0.065167073,0.02911918,0.023153322,0.021120358,0.002898091,-7.08E-05,0.027228695,0.028936193,0.023615251,0.035271087,0.038156982,0.037719588
Vietnam,VNM,0.022090448,0.025261174,0.018389299,0.01737329,0.018548652,0.018573837,0.013789564,0.017586602,0.01022097,0.008222043,0.007636013,0.01580297,0.00726506,0.00340376,0.007138794,0.007135941,-0.009238588,-0.000111257,-0.002660869,0.000619419,-0.001801427,0.009023565,0.008345051,0.017631242,0.009540393,0.001418487,-0.007647686,0.009277923,-0.005868529,0.007321291,0.023673114,0.031752127,0.015301166,0.036539662,0.021826125,0.023944772,0.027656037,0.027254275,0.018805625,0.029925217,0.021738726,0.019616555,0.020099678,0.017113216,0.008734046,0.015967877,0.017451874,0.010407528,0.014386565,0.016484871,0.011532169,0.009700251,0.017998116,0.022057933
Sudan ,SDN,-0.0023506,0.009950131,0.017622769,0.001680543,-0.001000436,0.003721195,0.009427951,0.014626831,0.0239405,0.036510872,0.035458302,0.039374922,0.032446703,0.033794159,0.031677744,0.043078683,0.027808761,0.021844932,0.022306605,0.016722389,0.005431685,0.015605601,0.022922736,0.025068705,0.024823349,0.034903411,0.037213661,0.041838802,0.038315358,0.039736639,0.038103778,0.036494766,0.03379623,0.032907335,0.03377508,0.025652383,0.024408773,0.028641369,0.022029407,0.021947792,0.023097287,0.025317959,0.014053449,0.016115553,0.015976672,0.013543409,0.004406293,0.007851523,0.011477118,0.018825424,0.03033267,0.040095491,0.048299176,0.046415527
Somalia ,SOM,0.012204854,0.007042406,0.003375219,-0.001697261,-0.01181857,-0.004090567,0.007501832,0.016853686,0.033140039,0.030553507,0.029194403,0.036070629,0.046472684,0.055619397,0.093032391,0.10724545,0.111458424,0.115372642,0.110433529,0.096205686,0.076925247,0.067463358,0.057578921,0.053374213,0.059087769,0.070929715,0.068127894,0.059718281,0.058452507,0.055163867,0.03407177,0.028949258,0.03995935,0.04310823,0.042609108,0.058336252,0.060754344,0.052503319,0.051961171,0.054533895,0.051859315,0.055309495,0.059310204,0.033165911,0.026038368,0.030357947,0.013444342,0.00543029,0.019063487,0.024778772,0.021790866,0.042071041,0.052000937,0.046759749
Botswana,BWA,0.013037911,0.002948542,-0.002381934,0.000364516,-0.001792182,-0.006272102,-0.00399289,1.20E-05,-0.001596588,0.005430342,0.005223919,-0.000361865,0.010762066,0.021652796,0.020496613,0.024252786,0.025685031,0.013004513,0.007606409,0.007513843,0.003803839,0.011959538,0.021026214,0.025215594,0.030852476,0.036786393,0.043499813,0.040624316,0.039434467,0.03775137,0.036172874,0.034127801,0.026441185,0.021344497,0.016548776,0.020900867,0.021724175,0.029078326,0.037533755,0.043359787,0.041546984,0.038748154,0.042783287,0.039199144,0.037072235,0.037934617,0.027476378,0.022832144,0.024982839,0.027397025,0.028864838,0.047334742,0.053258345,0.053808877
Burundi,BDI,0.015141145,0.017702946,0.01040608,0.008914739,0.009829704,0.012445394,0.004801951,0.007736478,-6.95E-05,-0.00233775,-0.005418826,-0.005601413,-0.003994642,-0.001029788,-0.002051849,-0.00283296,-0.014807793,-0.024151518,-0.010043393,-0.002891662,0.003130756,0.022842837,0.012168714,0.005807939,-0.00403099,-0.008657344,0.00698296,0.044652268,0.041411788,0.042148285,0.034867845,0.028246641,-0.027119524,-0.053400888,-0.054521126,-0.059057866,-0.073062552,-0.052964317,-0.062092104,-0.078080431,-0.032368357,-0.026149248,-0.004349751,0.031721684,0.060402656,0.019813318,-0.007515086,0.027244153,0.037447032,0.037016902,0.060388544,0.09297598,0.068724612,0.053848938
Belgium ,BEL,0.014421199,0.032826905,0.033297455,0.040943468,0.036998501,0.05307298,0.024941789,0.027426036,0.032040999,0.007309432,0.004963992,0.015931358,0.010439274,0.005068154,0.013916904,-0.01202005,-0.025374862,-0.042365861,0.01267449,-0.018439302,-0.021758101,0.008974699,0.04448266,0.008353268,0.047714893,0.074002619,0.048552611,0.03509716,0.017902076,0.02191257,0.031188982,0.039527504,0.018742306,0.008626925,-0.002677934,-0.01813822,-0.015628143,0.000360011,0.001486904,0.01513062,0.030588345,0.029045377,0.031233061,0.038640921,0.048067466,0.053345987,0.0593944,0.06325932,0.071183363,0.06756425,0.077285423,0.08346113,0.089618951,0.085453004
Norway ,NOR,0.01134567,0.010711816,0.010209265,0.009888293,0.009518983,0.009222933,0.009294287,0.009307453,0.00922107,0.009486466,0.009483252,0.009556916,0.009613875,0.009750875,0.009726089,0.009884669,0.009887596,0.00995543,0.009926613,0.009749973,0.009428278,0.012684006,0.01475516,0.01647217,0.019577387,0.022561798,0.020743036,0.018357302,0.015945844,0.012467271,0.009500112,0.006501785,0.005246933,0.004483247,0.003525441,0.002307616,0.002213735,0.006502961,0.019817521,0.025903464,0.030404037,0.029650856,0.030105904,0.017071901,0.020658002,0.021992395,0.028630675,0.029924344,0.035552543,0.033046671,0.035892752,0.041296015,0.044711436,0.047695891
USA,USA,0.029974841,0.030389265,0.030184291,0.030176518,0.030070106,0.030159917,0.030166918,0.029674224,0.030106717,0.029975881,0.02998705,0.029885371,0.030241678,0.029936941,0.029864159,0.030059035,0.030323128,0.030061486,0.030082864,0.03024948,0.029987862,0.029647074,0.029915377,0.029951713,0.029944259,0.029955312,0.03498247,0.039600523,0.039477335,0.039561687,0.039277478,0.041211971,0.031661018,0.030313641,0.023837397,0.007670665,-0.028458624,-0.052924237,-0.066173848,-0.064889,-0.047177808,-0.023186417,0.005096603,0.018392543,0.014036849,0.00244831,-0.001350894,-0.008663056,-0.014994706,-0.002496247,-0.002328654,-0.002232967,-0.002251728,-0.002370253
Burma ,MMR,0.042999345,0.078811459,0.07620432,0.028536934,0.020279282,0.009510714,0.016435319,0.006354699,0.012993609,0.022715871,0.032242566,0.047124497,0.05738363,0.066043727,0.079746094,0.085754406,0.122539965,0.115455011,0.115801919,0.09087695,0.077724803,0.024092445,0.020967128,0.001181125,2.25E-06,7.19E-06,5.65E-06,1.09E-05,-2.12E-06,5.92E-06,-7.61E-06,-5.95E-06,-1.61E-06,-1.46E-06,1.68E-06,7.33E-06,6.35E-06,-0.019255576,-0.022047622,-0.082175169,-0.1174438,-0.15090594,-0.145270349,-0.14150042,-0.083065555,-0.047876983,-0.012489449,-0.001754585,-0.004995518,-0.008789885,-0.00857069,-0.0076095,-0.006698885,-0.00598349
Philippines,PHL,0.02651975,0.024571905,0.022504877,0.019630567,0.015758741,0.012743187,0.012368241,0.026840483,0.023658836,0.024938591,0.018714765,0.011361923,-0.037688435,-0.045431667,-0.037645181,-0.034646852,-0.025762624,0.018856574,0.036372623,0.011725641,-0.006924233,0.014244828,0.003981167,-0.007380812,0.002947604,0.012965146,-0.010725347,-0.001772497,0.007529409,0.023046908,0.04046255,0.039025879,0.030230885,0.031391425,0.022569505,0.021112348,0.027323948,0.037800103,0.042495204,0.052283824,0.061995288,0.069989801,0.069914035,0.066298534,0.059152307,0.05452262,0.05032988,0.048590171,0.051922191,0.058031624,0.061372523,0.064143229,0.067034017,0.065139368
Mongolia ,MNG,0.036518503,0.035281065,0.03352616,0.031074239,0.028011456,0.024617275,0.020957107,0.018509538,0.017938433,0.01902702,0.022209703,0.026356035,0.030280349,0.032904844,0.03477388,0.036031405,0.039401795,0.04294539,0.044473391,0.046411979,0.006995848,0.01607395,0.011463979,0.001776915,-0.015881763,0.022706423,-1.38E-06,-0.001337118,0.005683467,0.015376406,-0.000648123,0.000136179,-0.007257975,-0.012383679,-0.014518544,-0.012661417,-0.013065478,-0.003296195,0.015146664,0.010753152,0.019857177,0.026221263,0.02045084,0.006183609,0.015948145,0.018896947,0.019582481,0.015897924,0.007293356,-0.00204211,-0.007823187,-0.013127531,-0.008454804,-0.002452149
Cameroon ,CMR,-0.026391209,-0.009693102,0.016398804,0.038540265,0.055369491,0.074678783,0.07349157,0.049544088,0.048115128,0.045356894,0.050066227,0.052852264,0.071374366,0.079122258,0.090585944,0.087558129,0.092558809,0.102475548,0.089980159,0.081928985,0.070272123,0.078923945,0.043532928,6.18E-05,-0.035718942,-0.07546699,-0.11210127,-0.085273952,-0.039809005,-0.019702505,0.015864348,0.003281281,-0.026561349,-0.058827961,-0.052704184,-0.038857119,0.003142193,0.014934526,0.026370533,0.022421759,0.013476938,0.008724853,0.010152701,0.018632963,0.021846114,0.02670033,0.020211489,0.030159912,0.041907541,0.051019233,0.050127989,0.055362121,0.051505046,0.035482866
Zimbabwe,ZWE,0.11005869,0.105750151,0.081200668,0.032087196,0.004818747,0.035400538,0.043851068,0.055762101,0.028669575,0.043076437,0.037502209,0.02489276,0.009569591,0.04646152,0.029569237,0.011003022,0.012703547,0.009847412,0.008164777,0.01196266,0.044404392,0.070881416,0.084825368,0.08690755,0.120490724,0.081253748,0.00071475,-0.006449473,-0.055979675,-0.093481564,-0.092176316,-0.057006804,-0.047117114,-0.07391733,-0.090724554,-0.08966687,-0.241028528,-0.206247248,-0.167734461,-0.160726032,-0.174113276,0.017331972,-0.04256408,-0.015349886,0.011343421,0.052734066,0.046361121,0.069353318,-0.009712867,0.060098127,0.037024876,0.031975853,0.021516719,0.093142019
Eritrea & Ethiopia ,ETH,0.056083954,0.040915597,0.056746606,0.071408931,0.05933119,0.047299815,0.05294038,0.057009508,0.063627585,0.056181979,0.061084977,0.043787526,0.033881086,0.046882634,0.054736219,0.05248844,0.070719478,0.087832816,0.065196391,0.053576179,0.046095424,0.029441327,0.007999399,0.009759308,0.009580784,0.015965912,0.024325812,0.029211043,0.02732098,0.017789817,0.012225887,0.011412123,0.021518154,0.018665898,0.018787715,0.022828467,0.024353896,0.021400301,0.021728555,0.030976195,0.029797745,0.027096612,0.020735081,0.022735985,0.016703683,0.023356379,0.013567857,0.007180229,0.003470975,0.007666436,0.000942741,0.013142628,0.02542202,0.030802715
Haïti,HTI,-0.004611846,0.047623602,0.040445085,0.047949399,0.050621599,0.07471351,0.046494021,0.044787356,0.035985415,0.054383903,0.064406347,0.031617427,0.031494884,0.001829602,-0.014339328,-0.055287288,-0.054901176,-0.050959604,-0.022308461,-0.02003707,0.015184507,0.055312583,0.06205957,0.092551506,0.093551041,0.116427267,0.077748401,0.078468873,0.041484541,0.039927576,0.011962593,0.021265952,0.013439917,0.008370018,-0.029537008,-0.044205911,-0.070900942,-0.056100351,-0.045046171,-0.011843503,0.01147657,0.029129647,0.016346579,0.014898983,0.012226842,0.008499329,0.015239844,0.02033407,0.022632318,0.032550266,0.040069125,0.035990066,0.031708915,0.037732213
Brazil ,BRA,0.022374793,0.019999868,0.009311354,-0.009452746,-0.022903525,-0.022323419,-0.045025091,-0.034069912,-0.03266364,-0.030675042,-0.039680173,-0.016321355,-0.03256534,-0.025166659,-0.036931089,0.054574394,0.051607901,0.062130433,0.03658258,0.009090781,-0.099634534,-0.100965435,-0.115295383,-0.091262006,-0.042257253,-0.060819076,-0.107451898,-0.119562904,-0.115260764,-0.12580522,-0.092583359,-0.038074194,-0.021548003,-0.029294344,-0.02457749,-0.055991876,-0.007077608,0.011971833,0.061705484,0.06063953,0.108893577,0.038342242,0.034059053,-0.011968318,-0.026386896,-0.014979625,-0.012368984,-0.009872179,0.015980338,0.041396518,0.052364067,0.068700411,0.076167641,0.051498248
Colombia ,COL,0.035125054,0.052848618,0.043749134,-0.01584023,-0.026899313,-0.036831685,-0.019872803,-0.015926281,0.01621432,0.011354023,0.024935573,0.024767731,0.006667846,0.0286028,0.020844079,0.015099097,0.013606638,0.041507441,0.021884182,0.045051532,0.034782572,0.032597264,0.02607243,0.03292004,0.000240432,0.003635069,-0.009281988,-0.028025452,-0.035264565,-0.020300115,-0.0163553,-0.016006031,-0.070984592,-0.086818541,-0.091026975,-0.098098279,-0.031879571,0.04736328,0.080241385,0.094967419,0.109024281,0.047787696,0.045565425,0.03677584,0.018804569,0.00930878,0.010340321,0.009062483,0.011342838,0.027710953,0.029538942,0.022001593,0.030500564,0.039430163
Mozambique,MOZ,0.042241221,0.042230881,0.041717257,0.041598638,0.041136515,0.040533776,0.02935735,0.05452866,0.049424007,0.036210763,0.024169324,0.031830469,0.100503222,0.229159033,0.285985038,0.292457431,0.280431344,0.175988606,0.011702639,-0.013082425,0.023537207,0.043468434,0.022168918,0.044983851,0.02689467,-0.009321282,-0.003248802,0.018015878,0.05525028,0.081232261,0.099566656,0.073300089,0.069356849,0.045255066,0.023372633,-0.002024733,0.005038774,0.005405008,0.01103666,0.011378922,0.022088606,0.018183608,0.016161331,0.011975738,0.004329985,0.00514624,0.011500384,0.004688873,0.001030679,0.009991943,0.009551926,0.010195918,0.019762717,0.044866793
China ,CHN,0.004889991,0.007989088,0.008126973,0.003054951,0.003648927,0.010520423,-0.008489999,-0.015133799,-0.021399825,-0.042567434,-0.047045693,0.008684764,0.037144525,0.052513078,0.059178357,0.047849119,0.033495144,0.023515677,0.033525317,0.004782039,0.011097682,-0.015761853,-0.059213155,-0.072035733,-0.044764974,-0.035224504,-0.075266377,-0.087851173,-0.132349376,-0.149752609,-0.184324807,-0.191583053,-0.150915617,-0.116054119,-0.098244028,-0.067030441,-0.030736064,-0.020873579,-0.023126387,-0.019925548,-0.011754908,0.009082561,0.042350362,0.056922161,0.059930561,0.070357594,0.063772101,0.017396479,0.014223631,0.023645998,-0.005805318,0.009867386,0.02123874,0.028335773
Dominican Rep.,DOM,0.05547126,0.053116389,0.047784261,0.037598065,0.034979186,0.049422274,0.057483958,0.07343762,0.080330906,0.076731294,0.080186588,0.084552555,0.077714708,0.077479518,0.074551309,0.068676251,0.067922558,0.080011344,0.100215084,0.114574376,0.091059747,0.073903464,0.065864461,0.031943109,0.008139795,0.02316606,0.020841773,-0.002793547,-0.034070696,-0.044042574,-0.073001024,-0.096259531,-0.088510521,-0.058710488,-0.048314171,-0.001204153,0.036181543,0.035815505,0.031002659,0.026464648,-0.002757078,-0.016033321,-0.016276737,-0.00928243,-0.010594419,-0.000197861,-0.0045844,-0.008391286,0.001666737,0.014372546,0.016565442,0.022688937,0.027377857,0.021538994
Lebanon ,LBN,0.047621436,0.09151489,0.054139908,-0.002914681,-0.023716526,-0.001041872,-0.020150331,0.009143676,0.038619019,0.034976321,0.030405915,-0.00188093,-0.028128568,-0.02088107,0.008859258,0.001610253,0.036715044,0.066625397,0.039770803,0.04869856,0.094876746,0.097149257,0.046574754,0.083445241,0.045071335,0.031607317,0.028923602,0.035309693,0.020485044,0.004393389,-0.00677424,-0.034816105,-0.034930315,-0.01294114,-0.022586477,-0.019495468,0.011130499,0.033948483,0.024318491,0.056205113,0.05328513,0.039559441,0.012241575,0.00900881,-0.007850993,-0.013453829,-0.011661561,0.002398686,-0.011955422,0.008155563,0.016203054,0.015751373,0.008387842,0.018126981
Canada,CAN,0.052161527,0.032830843,0.024161022,0.010571409,0.024746936,0.014369243,0.011550313,0.009213699,0.020063664,0.020824437,0.021861326,0.042481467,0.040016925,0.035163824,0.037592052,0.042145727,0.037138773,0.040724947,0.035736228,0.04073296,0.048184589,0.04744835,0.043620244,0.041216535,0.024306484,0.006428735,-0.002490885,-0.002003574,-0.001177825,0.011063054,0.022071282,0.028162512,0.036293845,0.037575062,0.029154396,0.037787572,0.026315983,0.021617618,0.030200019,0.016901642,0.013526964,0.025827679,0.029126532,0.019792356,0.024527029,0.024010944,-0.00126617,-0.003533662,0.000917868,0.02628457,0.029682475,0.056128696,0.053463305,0.044421803
England/GB/UK,GBR,0.044964273,0.040490035,0.032958525,0.02037666,0.015049663,0.026496023,0.026106573,0.036380465,0.042002593,0.036850042,0.03125262,0.027002397,0.018752345,0.010557664,-0.001412682,-0.01263652,-0.013000235,-0.013948444,-0.011542259,0.022168477,0.007325694,0.00630942,0.011739924,-0.019572934,-0.0270676,0.017036621,0.007975721,-0.026573303,-0.018472259,-0.040600063,-0.077164749,-0.123616103,-0.101210443,-0.09191494,-0.080921313,-0.055215292,-0.004739687,-0.006369007,-0.006289914,-0.012328395,-0.021941311,-0.015356943,-0.004148745,-0.001240224,-0.006657584,0.005059393,-0.000667857,-0.017267274,0.012703893,0.026276243,0.020864009,0.036161802,0.052692665,0.033616603
Senegal ,SEN,0.006619067,0.006190912,0.005844638,0.005298655,0.004976573,0.004660475,0.004839717,0.005114405,0.005994637,0.006095311,0.006631582,0.007719159,0.008764097,0.008808041,0.010210369,0.043032943,0.070149113,0.079630985,0.097896391,0.10265975,0.077155045,0.072105452,0.076608334,0.068213942,0.066684873,0.051301691,0.033660743,0.015656216,0.010285736,0.006759929,0.003592576,-0.004494399,-0.00058884,-0.004198483,-0.005798296,-0.00517177,0.001487345,0.008267893,0.006672427,0.012367608,0.024203176,0.022236169,0.017674305,0.022828842,0.017920166,0.018888524,0.017042789,0.014512919,0.010276608,0.010901686,0.010081018,0.009215632,0.008475001,0.008757884
Congo 'Brazzaville',COG,0.011526044,0.028887922,0.04238922,0.046609558,0.067659973,0.0763744,0.029886712,-0.032818685,0.005623571,-0.0195757,-0.021855853,-0.008395215,0.049446688,0.022670514,0.031176537,0.037655348,0.02997136,0.051948196,0.035701792,0.028873637,0.023154067,0.05457763,0.03260228,0.050770512,0.056293788,0.045598649,0.03722036,0.03189797,0.017277377,0.010495645,0.017120826,0.010632694,-0.002230991,-0.015396639,-0.018290814,-0.029965691,-0.029656728,-0.024979378,-0.024626489,-0.032158307,-0.020956736,-0.009883797,-0.009078981,0.006982803,0.016694403,0.014533876,0.013147535,0.020724412,0.024405215,0.028300168,0.034163616,0.032555484,0.028566221,0.018991254
Ireland ,IRL,0.017739261,0.006207661,0.016879389,0.019642561,0.02570654,0.017569773,0.046934195,0.022063377,0.021595314,0.042602247,0.04955453,0.035254105,0.052835766,0.039100281,0.023017366,0.020673786,0.008078471,-0.001810602,0.013646258,0.002250311,-0.095051708,-0.112091788,-0.112812998,-0.117066209,-0.109406114,-0.021685174,-0.006449087,-0.017347946,-0.03390723,-0.037857498,-0.041127496,-0.055478518,-0.024957879,0.010847961,0.015523116,0.02180043,0.042253954,0.005734477,-0.075435415,-0.078883471,-0.061910739,-0.029718674,-0.00758472,0.048743218,0.053291244,0.031497401,0.001864961,0.018688121,0.024482158,0.0382725,0.070418935,0.103721018,0.118546472,0.141528164
Costa Rica,CRI,-0.019546473,-0.0198798,-0.020212842,-0.007783258,-0.006429082,-0.000748039,0.005315031,-0.002114384,-0.000760394,0.004682683,0.008367861,0.00884052,0.017557377,0.015669263,0.007886918,0.001502259,-0.00513669,0.00946648,0.006231188,-0.015512231,-0.011573846,-0.004478283,-0.010656813,-0.009391304,0.021551693,0.030780764,0.032933234,0.042333042,0.026211253,0.025645657,0.021960464,0.015124113,-0.008514548,0.006287139,-0.013351511,-0.020040054,-0.015431852,-0.004794094,-0.007050636,0.00326571,0.005054736,0.006798757,0.010065712,0.015164861,0.018192798,0.019677223,0.018209558,0.018594144,0.017284995,0.014324705,0.008669277,0.006458398,0.004239773,0.006688335
Nigeria,NGA,0.016037295,0.014994068,0.015266402,0.014186495,0.014054823,0.01301412,0.01406643,0.013859874,0.014765714,0.015328148,0.016466637,0.028688249,0.043100132,0.057030139,0.069305067,0.081823688,0.095961208,0.132572188,0.15044104,0.166594339,0.13580332,0.130791233,0.072684464,0.06488676,0.044098218,0.075990767,0.06103265,0.071925292,0.0687811,0.07362398,0.062270911,0.059937725,0.063901459,0.064980436,0.069298976,0.067181483,0.06216396,0.050711616,0.024253439,0.006459031,0.003796188,0.005748798,0.013675396,0.022713576,0.029743288,0.039373748,0.040180971,0.038639034,0.036379282,0.031450557,0.018707676,0.018705625,0.017345398,0.014888911
Puerto Rico ,PRI,0.026024598,0.025931924,0.025845769,0.026195684,0.026018136,0.024506977,0.026111763,0.032015355,0.022527294,0.020637522,0.022841099,0.015030996,0.019261121,0.027309676,0.025831442,0.017907985,0.024289544,0.014639867,-0.003009905,-0.011297954,-0.021074305,-0.031358927,-0.027578297,0.003142092,0.00721169,0.017625542,0.026727578,0.016577752,-0.00839564,-0.007682431,0.01325889,0.033626621,0.024667973,0.042297844,0.0351909,0.006751944,-0.006146382,-0.003029421,-0.012524127,-0.008253834,0.004528881,0.008394771,0.020809642,0.028800471,0.039342745,0.034297341,0.024583512,0.018065326,0.017665921,0.014429858,0.025619605,0.0263897,0.02860022,0.026060612
Hungary ,HUN,0.025039584,0.021319873,0.022683576,0.02017973,0.020651272,0.017118541,-0.02175047,-0.013179339,-0.010248222,-0.011407293,-0.008644537,0.030594788,0.030599436,0.01898071,0.006302825,0.049233613,0.056703071,0.023615703,0.043993793,0.045373673,-0.001980617,-0.001684885,0.036833136,0.015805994,0.015023871,0.024399061,0.025621921,0.00125559,0.009767699,0.010384353,0.021649549,0.012696368,0.02130799,0.022176003,0.025443752,0.009652536,0.011069554,0.003158105,-0.00499839,-0.01253219,-0.042570779,-0.064654568,-0.060199572,-0.05026328,-0.04890801,-0.026367821,-0.009842818,-0.00732354,-0.020479113,-0.010611069,-0.010909704,-0.006979878,-0.00980489,0.000719168
Pakistan,PAK,0.023596803,0.023172583,0.02287164,0.022675877,0.022249895,0.019900159,0.014554938,0.012849974,0.012366378,0.011725509,0.009802895,0.016169534,0.015091326,0.020022861,0.02216683,0.023639027,0.019743383,0.022279401,0.011831347,0.010310139,0.013825398,0.010678299,0.011462365,0.017525651,0.018007478,0.02530936,0.052887373,0.057676087,0.061016545,0.065480558,0.063580661,0.044946378,0.018149652,-0.00498276,-0.037809859,-0.056727102,-0.07615954,-0.071750293,-0.068460614,-0.054920778,-0.044816135,-0.027265271,-0.010780068,0.006065225,0.020436022,0.022480702,0.021811905,0.019700111,0.017679818,0.016448803,0.012927197,0.010557932,0.00971038,0.007220084
El Salvador,SLV,0.005759214,0.005730467,-0.003761077,-0.007984147,0.010936911,0.018643451,0.022885372,0.03578569,0.042565114,0.030191888,0.025181181,0.021929519,0.019361602,0.017387763,0.015984259,0.01494163,-0.006368985,-0.020205461,-0.025704317,-0.034739744,-0.032487006,-0.01681479,-0.006962356,0.013875174,0.039664027,0.098810938,0.116897984,0.121140879,0.117996209,0.102184155,0.051682418,0.038838088,0.046443735,0.033374979,0.036226377,0.026661357,0.016272616,-0.001234239,0.002998963,0.005558017,0.013544075,0.031873041,0.052281046,0.057445797,0.062402248,0.06121337,0.060871205,0.05631009,0.051739933,0.044016251,0.044147856,0.054062267,0.060162406,0.063137559
Panama,PAN,0.022804841,0.022019152,0.021381316,0.020875383,0.020193007,0.013900476,0.013569315,0.000373309,-0.007960045,-0.012355472,-0.013173989,-0.022199017,-0.009745327,-0.007762592,-0.001323482,0.005598919,0.000323136,-0.011906965,-0.004606594,-0.020215549,-0.025706761,-0.011958668,0.007253051,0.000617891,-0.006117418,-0.011807938,-0.017289817,-0.029193039,-0.044678664,-0.02119839,-0.017894232,-0.016678832,-0.024614351,-0.008801917,-0.01452129,-0.009294017,-0.015144783,-0.024145917,-0.02781545,-0.022573835,-0.018411864,-0.0309666,-0.002062366,0.006601133,0.002478232,-0.003640787,0.013957323,-0.000548702,-0.022468617,-0.025555252,-0.023611581,-0.017116648,-0.009056862,0.011258733
Finland ,FIN,0.021692669,0.021353967,0.02111888,0.021099712,0.020623029,0.014420312,0.009384984,0.012131895,0.001376576,-0.011417401,-0.012823561,-0.019826992,-0.029441384,-0.028176103,-0.01051854,-0.007668807,-0.000215762,-0.015386252,-0.024252779,-0.011977051,0.01596312,0.009022625,0.007506197,0.016547846,-0.05618789,-0.093038587,-0.084196216,-0.064948304,-0.041615699,0.012370089,0.064629594,0.047153676,0.033984131,0.037677573,0.041383665,-0.01400412,0.013636703,0.022586434,-0.007789051,-0.006344813,0.002897168,-0.012587079,-0.007402812,0.008853895,0.000323938,0.003750937,0.0189944,0.0296153,0.041284667,0.096326885,0.110282865,0.090697289,0.072147143,0.04554607
Paraguay,PRY,0.022193815,0.018083368,0.018884825,0.016499696,0.016325275,0.026337517,0.020494911,0.030380477,0.064574965,0.067944194,0.050936568,0.069446008,0.059280153,0.018719511,0.006460342,0.020182474,0.032461512,0.00647707,-0.017943,0.018465596,-0.044358159,-0.097362345,-0.095562878,-0.067493142,-0.099821863,-0.043578591,-0.008062211,0.015518629,0.01726492,0.019625993,0.01415004,0.007756356,0.007615615,0.008354313,0.001971534,-0.001516094,-0.018144134,-0.010682928,-0.013871971,-0.025355638,-0.012341414,-0.004192631,-0.012052537,-0.016291402,-0.001502283,-0.020440216,-0.013343779,-0.017292675,-0.013984496,-0.00987367,0.001018018,-0.001378136,-0.004659588,-0.007372475
Romania ,ROU,0.018398122,0.017733761,0.01722058,0.016844908,0.016417674,0.015238191,0.013980704,0.012612821,0.011407018,0.010228862,0.009783924,0.013137236,0.016727133,0.020041664,0.023435427,0.026787146,0.031932134,0.03711309,0.042319938,0.047406337,0.052524518,0.036835427,0.002832932,-0.016411133,-0.003997407,0.011845572,0.049456596,0.084025972,0.098197578,0.080496405,0.037008019,-0.015584152,-0.029527842,-0.038875283,-0.044021146,-0.031051246,-0.012703185,-0.008988783,-0.011567707,-0.030009699,-0.02655278,-0.022805587,-0.028022203,-0.018009283,-0.012721963,-0.007462852,-0.011311579,5.10E-06,-0.005195747,0.008954354,0.011282096,0.019447415,0.005823094,0.014870111
Iran,IRN,0.016058257,0.015801727,0.015675585,0.015439846,0.014173994,0.021926871,0.029884787,0.028125153,0.048291972,0.072307139,0.047016918,0.04196485,0.033461625,0.02993103,0.003396886,0.027228394,0.020637297,0.028540242,0.015287617,0.013836044,-0.004953068,0.009760535,0.009874021,0.014901971,0.013706818,0.029640078,0.014493069,0.006385214,-0.019633518,-0.029329676,-0.034059177,-0.034731891,-0.038010059,-0.033706664,-0.028198079,-0.052978139,-0.059749458,-0.055842827,-0.028232206,-0.026950016,0.000641016,0.019198807,0.03169358,0.017548046,0.023216431,0.003880003,-0.010875851,-0.024019768,-0.035489968,-0.035662915,-0.022136886,-0.02002925,-0.013814692,-0.005984597
Switzerland ,CHE,0.017042589,0.013336687,0.014231381,0.011144969,0.010759165,0.016563122,0.015472678,0.010661795,0.012800492,0.00537114,-0.001931598,-0.002448227,-6.22E-05,-0.003159039,-0.001796996,0.033540774,0.039879985,0.041121775,0.045869691,0.036093782,-0.000351594,0.001171953,-0.035603956,-0.046282325,-0.040975308,-0.042619108,-0.049250156,-0.013487343,-0.009625764,0.013188375,0.011432228,0.005094235,4.41E-05,-0.005662171,-0.035693144,-0.038135655,-0.037296689,-0.037656865,-0.040423732,-0.035020148,-0.037720259,-0.045991487,-0.044323124,-0.034143807,-0.025152688,-0.015898872,-0.002905167,0.001393868,0.005885508,0.004335567,0.007280847,0.012015143,0.017043362,0.022120349
Guinea Bissau ,GNB,-0.005640625,6.28E-05,0.005588745,0.011478071,0.017316776,0.023086291,0.02640017,0.030249961,0.034229908,0.037823002,0.04123055,0.029474907,0.013960407,0.004506799,0.005887329,0.006619257,0.014831554,0.022051626,0.024686398,0.018509155,0.025271296,0.045976382,0.065952816,0.073342763,0.079488576,0.078099182,0.052582504,0.046949382,0.047170497,0.043667369,0.036110742,0.034589154,0.02091942,0.015729582,0.011303252,0.004166802,0.005746989,0.003237101,0.002645821,0.006808188,0.013347569,0.019524831,0.029015644,0.03639974,0.038489176,0.038602435,0.034291243,0.028941672,0.020520727,0.016635336,0.014892975,0.021372149,0.029083714,0.037016182
Benin ,BEN,0.028021513,0.025724676,0.025525553,0.023720601,0.024004834,0.03786514,0.048449535,0.064654243,0.088160867,0.107472272,0.114875188,0.103996654,0.09453742,0.071874728,0.035673306,0.00364044,-0.02151705,-0.059873387,-0.05637681,-0.0372195,-0.002302623,0.041237405,0.073488394,0.081005161,0.064330449,0.026739831,-0.003854688,-0.006497948,-0.023625326,0.017208172,-0.010703526,-0.000465362,0.007561424,0.018593768,-0.015705281,0.020968943,0.021634101,0.030567093,0.028600189,0.030302664,0.051895523,0.096750656,0.196418453,0.229628725,0.304728897,0.308810434,0.330929028,0.217071858,0.209631154,0.192554152,0.179239571,0.104762728,0.127896738,0.114468229
Hong Kong,HKG,0.015908581,0.016570772,0.009088066,0.00400944,0.009091599,0.008356067,0.011143909,0.020543434,0.039191395,0.043335021,0.044551118,0.042278481,0.042347529,0.019962114,0.017353493,0.016807572,0.017309997,0.018710552,0.021577527,0.016266858,0.004967539,0.001346116,-0.003355122,-0.010851323,0.001299767,0.012323407,0.007066469,0.000472408,0.010090992,-0.0088869,-0.031764151,-0.01831154,-0.000110163,-0.00628946,-1.10E-05,0.00808645,-0.023432274,-0.060112844,-0.039025663,-0.035298833,-0.021304217,0.020175882,0.048025617,0.013103697,0.017953839,0.018007395,0.007759857,0.003923727,0.007796983,0.018336884,0.030921927,0.038639634,0.058558713,0.085799856
Syria ,SYR,0.03042428,0.03016389,0.02995373,0.029799571,0.029490511,0.029911251,0.045264682,0.043042814,0.041706517,0.03660952,0.030402051,0.015220921,0.016566976,0.01385217,0.0261263,0.038457515,0.048264308,0.060829472,0.07084777,0.115810345,0.098905525,0.142742746,0.066943911,-0.016075116,-0.069459936,-0.063465709,-0.119220674,-0.082027261,-0.019053431,-0.016042867,-0.030052723,-0.039180116,-0.060497715,-0.057440852,-0.054651768,-0.03784751,-0.014807092,0.005840232,0.005425549,0.003147906,0.000766429,-0.004585271,0.013365887,0.015624852,-0.029668441,-0.044055143,-0.046956537,-0.057098893,-0.058390067,-0.01877397,-0.007001866,-0.007702341,0.003886114,0.004189499
Zambia ,ZMB,0.017935268,0.013601547,0.014298256,0.011499338,0.011022779,0.016846689,0.039653755,0.028547332,0.023496386,0.024606239,0.032260084,0.032162007,0.04148304,0.042819369,0.050513672,0.007703291,-0.00136833,0.005732596,0.011974881,0.028008541,0.036138716,0.036332053,0.031930133,0.011936911,0.005829014,-0.002070511,-0.025355619,-0.011317511,-0.026215545,-0.060589482,-0.058024087,-0.047138183,-0.060535482,-0.017310701,0.000857045,0.026378412,0.019546567,0.017053957,0.008307019,0.002038613,-0.013015207,-0.005130062,-0.003599682,-0.007695289,-0.001826755,0.017146588,0.017375387,0.002088584,0.008986731,0.011178787,0.010926079,0.012971447,0.032715991,0.032199182
Australia ,AUS,0.013504106,0.017459245,0.027475417,-0.002452814,0.000552165,0.028177782,0.023489662,0.026617778,0.037115616,0.013738701,0.002052276,-0.004936765,-0.011055497,-0.015344728,-0.012929509,0.004462336,0.019390522,0.009172757,0.011698061,0.018855175,-0.026204139,-0.046021593,-0.033592964,-0.020491141,-0.036202231,-0.01484771,-0.006168164,-0.024832381,-0.05830699,-0.045231106,-0.032982514,-0.02848114,-0.006774911,0.020819442,0.019464133,0.016558625,0.020062206,0.020080816,0.018914405,0.016770387,0.020331771,0.020369203,0.023367479,0.025488635,0.028678955,0.028497248,0.027756689,0.025899211,0.025255955,0.025966997,0.029100235,0.031830498,0.035117254,0.041541304
Mauritius ,MUS,0.028418606,0.023981903,0.024682617,0.023070863,0.022367758,0.023600936,0.028655109,0.035815107,0.018068417,0.019254956,0.024176139,0.015250182,0.006837515,0.023981711,0.016884037,0.010239317,0.011988466,0.009723589,0.012222786,0.019989196,0.02127015,0.034123349,0.03440684,0.030864331,0.017268292,0.015729421,-0.002009961,-0.00291172,-0.005908609,-0.005759272,-0.01449225,-0.012979131,-0.0111996,-0.002778958,0.00379761,0.007908149,0.000259191,-0.001652484,-0.004276567,-0.005736323,-0.001082697,0.011134894,0.019247936,0.021639058,0.022863668,0.019475942,0.022582335,0.017059656,0.007441343,0.005055931,0.007599128,0.00210393,-0.001072382,0.006696686
Sierra Leone,SLE,0.061111449,0.07528343,0.075656745,0.068619115,0.032316291,0.051818623,0.038915705,0.038688234,0.041366257,0.060567231,0.064738247,0.064889288,0.065103708,0.06382627,0.053595087,0.049274718,0.027274358,0.027672749,0.021173974,0.018397629,0.011987734,0.015986687,-0.013914415,0.00751341,0.001132712,-0.039987053,-0.006953143,0.018552978,-0.024052849,-0.021184331,0.024149465,-0.011019274,-0.025570212,-0.001259691,-0.008378011,-0.012725015,-0.001499074,0.002428629,-0.00278676,0.001444115,0.003618602,0.003342829,0.013297153,-0.053964669,-0.043995626,-0.034710853,-0.043270487,-0.062931682,0.000601337,-0.009900761,-0.020363453,-0.018976275,-0.003427836,0.004263047
Cuba,CUB,0.019883292,-0.009323074,0.020445583,0.02745802,0.009546685,0.002111674,-0.013825991,-0.010261389,-0.003036023,0.010375138,0.004708474,0.034040809,0.033327781,0.037347249,0.030375127,0.042581898,0.029989977,0.02954773,0.025020567,0.021880965,0.005811058,0.000565985,0.007296969,0.013791863,0.010845613,0.022136767,0.018388107,0.012424064,-0.003468572,-0.006954664,-0.00871528,0.001329328,0.002030677,0.013530745,0.020159187,0.021238436,0.010489409,-0.003758024,-0.015171117,-0.017509484,-0.016329722,-0.009610355,-0.004465014,0.003926192,0.003949596,-0.00305345,-0.002056667,-0.002678468,-0.004736101,-0.001632863,0.007766556,0.010108414,0.022895722,0.020095725
Centr. Afr. Rep.,CAF,0.026517609,0.022460455,0.023711445,0.022830356,0.017443427,0.024911735,0.020356281,0.04152642,0.054221716,0.064086542,0.053114982,0.047727663,0.039010299,0.017104197,0.003918179,0.003586863,-0.014960156,-0.000826585,0.047382332,0.056611045,0.034271509,0.087485926,0.084591364,0.065157302,0.038350199,0.070486297,0.039901404,0.013499189,-0.032710518,-0.003637487,-0.010566337,-0.008678524,-0.00585803,0.036907271,0.041802781,0.043847394,0.048435913,0.047931597,0.030998294,0.009585583,0.02578515,0.037215349,0.038688907,0.02634408,0.033645399,0.018323547,0.008550163,0.010193614,0.0239726,0.029649315,0.025745051,0.03649588,0.038625362,0.040863451
Côte d'Ivoire,CIV,0.018484769,0.014215727,0.015299192,0.012890405,0.012959116,0.012431734,0.009461466,0.00422369,0.002953683,0.001243586,-0.00192446,0.028118578,0.023874737,0.028273532,0.032122746,0.041384926,0.015299262,0.023887608,0.0089667,0.008953254,-0.035028007,-0.036206941,-0.044241699,-0.031250335,-0.035979903,-0.014108751,-0.017740011,-0.022261739,-0.031575937,-0.042079793,-0.035702467,-0.034808689,-0.0242784,-0.023198725,-0.019285245,0.018143265,0.053372933,0.046934106,0.049849742,0.059940768,0.035370564,-0.000112214,-0.008786654,-0.025123801,-0.038566383,-0.047397378,-0.047623983,-0.02697129,-0.078839272,-0.066500213,-0.059188853,-0.052720532,-0.050575958,0.028425539
Seychelles,SYC,0.053908542,0.072749742,0.065891197,0.082457854,0.099459167,0.104227031,0.080647673,0.132956536,0.17900619,0.243147134,0.240661452,0.258321598,0.214890377,0.211840281,0.156778821,0.111275709,0.062042273,0.012904493,-0.045139232,-0.09867706,-0.095594259,-0.045418473,-0.000959753,0.009631621,0.070588113,0.056848301,-0.028900797,-0.055020651,-0.066050227,-0.102840938,-0.114761838,-0.08688335,-0.08375631,-0.078373305,-0.059721283,-0.048247401,-0.046561992,-0.048432295,-0.057784682,-0.060673717,-0.055423445,-0.033588986,-0.013237588,-0.01093532,-0.006162764,-0.000718316,0.000801031,-0.008261169,0.010539662,0.018270088,0.031623988,0.033384695,0.045811772,0.04116333
S. Korea ,KOR,0.020440833,0.019903693,0.019487465,0.019188412,0.018670153,0.013535157,0.009916293,0.006727921,-0.002953286,-0.002734397,-0.006737671,-0.007063256,-0.001139249,0.013780725,0.013126524,0.024199522,0.027603672,0.013639048,-0.00517692,-0.008902241,-0.016854546,-0.031203136,-0.024657954,-0.025304175,-0.011576558,-0.013250763,-0.025161239,-0.033822644,-0.027566701,-0.052995208,-0.050480013,-0.032065785,-0.024470206,-0.02319238,-0.008270773,-0.005342354,-0.01973836,-0.02182658,-0.020927211,-0.028787649,-0.032972607,-0.016137226,-0.011298798,-0.007776627,0.00157596,0.007258892,0.015031581,-0.01834776,-0.007213647,-0.005947075,-0.00558909,-0.007341732,0.03183849,0.026954167
Morocco ,MAR,0.017710012,0.025075966,0.024357904,0.022629211,0.020708688,0.021840814,0.014772355,0.0054786,-0.006077578,-0.018057666,0.001507948,0.010618578,0.029561165,0.030400134,0.047532859,0.024150595,0.031820024,0.032550231,0.051645858,0.051763251,0.055502541,0.034748769,0.024482319,0.025250242,0.020984478,0.014618958,-0.003822116,-0.012048039,-0.020984569,-0.021260937,-0.007674671,0.002298934,0.000223277,-0.009415084,-0.013534472,-0.023094224,-0.007833737,-0.02384128,-0.001512042,-0.0181076,0.009687992,0.014883267,0.045409035,0.02616463,0.046570182,0.014586829,-0.013335126,-0.022122316,-0.013203473,-0.009078744,-0.005284901,0.007431465,0.02244586,0.027741741
Mali,MLI,0.016473189,0.016419761,0.016496835,0.016356001,0.016665592,0.014881245,0.008831778,0.002562419,0.008331875,0.010096909,0.007132027,0.013970358,0.019167404,0.013164659,0.002573887,0.011525618,0.009822742,0.013213563,0.000593405,-0.003602515,0.01020724,0.028972215,0.033989202,0.035149911,0.087812704,0.035306572,0.003772612,-0.021611894,-0.008236654,-0.04225807,-0.013961676,0.004814775,0.020300187,0.010892039,0.021476254,0.018047743,0.022427234,0.010335611,0.01736998,0.00389775,0.007651088,0.005205237,0.022334145,0.023069887,0.026233663,0.01212011,0.018142284,0.015495264,0.020686781,0.013701746,0.032511372,0.019878889,0.019755318,0.014622856
Sri Lanka,LKA,0.027282909,0.026812053,0.026301839,0.025756391,0.025359497,0.033096783,0.057892166,0.045292449,0.024513173,0.071251091,0.08248395,0.049743483,0.061215191,0.092715347,0.033458407,0.026616091,0.027066176,0.022302876,-0.008093574,0.014285789,-0.018963021,-0.006035476,-0.01138336,0.00010902,-0.010813686,0.009683671,0.001174559,-0.001069874,0.008825585,-0.015647488,-0.018265422,-0.015265112,-0.005526802,-0.008066645,0.014095769,0.005897741,-0.000272615,-0.005210395,-0.004450105,-0.004024856,0.007374084,0.014825066,0.020867993,0.019764352,0.0194784,0.019796802,0.015653356,0.01620999,0.019828197,0.022241406,0.023155794,0.036700038,0.03066338,0.024114281
Ghana,GHA,0.007654994,0.004186447,0.0066274,0.006193996,0.007468988,0.014303604,0.0505304,0.044528447,0.068180545,0.041033164,0.035246951,-0.013043858,-0.004281544,-0.04340601,-0.01748651,-0.022598541,-0.003933801,0.007959624,0.048284763,0.059885535,0.061474364,0.08352539,0.075786315,0.057344449,0.042186899,0.019280966,-2.99E-05,-0.001239681,-0.006450425,-0.002493527,0.03470995,0.044524513,0.054692122,0.068249685,0.067999605,0.068347898,0.060713409,0.049281902,0.048163146,0.047468894,0.039739911,0.037116099,0.03963658,0.038682413,0.040617474,0.038769108,0.042653581,0.037824229,0.039891197,0.03905425,0.041114084,0.034326362,0.036220573,0.035858925
Kenya,KEN,0.003791915,-0.000920283,-0.005534342,-0.011076392,-0.016503679,-0.021755449,-0.01562338,-0.00938887,-0.003122303,0.003231979,0.009639393,0.01372295,0.017827823,0.021939888,0.026008542,0.030027657,0.029970013,0.024396206,0.021393773,0.022091734,0.025263807,0.036621695,0.04196265,0.040755308,0.039196503,0.044122107,0.017159195,0.026560669,0.017981349,0.015700406,0.00880028,0.028330344,0.003482959,0.024920615,0.021781345,0.017637054,0.017474979,0.01532787,-0.004848122,0.011788464,-0.007932497,0.002175796,0.006354176,0.023999037,0.005686438,0.023325741,0.015261898,0.027040017,0.024866873,0.0337976,0.03692027,0.0376006,0.036623925,0.035423775
Niger,NER,0.021204995,0.014585525,0.011293476,0.013201061,0.018551044,0.010659332,0.014881889,0.023524312,0.006313481,0.00399098,0.003528874,0.003948574,0.003561055,0.032274008,0.046422076,0.052267807,0.058884913,0.050489797,0.038753568,-0.001075112,-0.0423698,-0.065433858,-0.07073775,-0.079906014,-0.0632454,-0.027575732,-0.012359542,-0.01650688,-0.029511466,-0.03387534,-0.054884027,-0.052664015,-0.033507583,0.000690208,0.01722732,0.03884799,0.046836857,0.021374134,0.014132811,0.002723083,-0.005143924,0.006938766,0.037191702,0.045215953,0.060372014,0.067308165,0.06443227,0.061700567,0.051828193,0.050983744,0.06486199,0.058017754,0.054166774,0.054753698
Sweden ,SWE,0.013585035,0.014594413,0.015803245,0.013439741,0.013518612,0.025151128,0.019706185,0.038942864,0.053016014,0.072945907,0.067451681,0.073022148,0.036364578,0.018351343,-0.005190262,-0.017369807,-0.020098643,-0.002522852,0.001897808,0.001674199,0.000750609,0.004449747,0.006867242,0.014667134,0.01574485,0.024750953,0.024535171,0.015698969,-0.004490797,-0.015455354,-0.023741328,-0.02655416,-0.024934598,-0.017356579,-0.003634244,-0.01227029,-0.006951477,0.006171225,0.00045842,0.003037738,0.019959581,0.015229621,0.005696937,0.017463287,0.012266165,0.010911892,0.010005704,0.008904806,0.011324893,0.019221491,0.020332208,0.032332807,0.039008982,0.038238284
T. & Tobago ,TTO,0.019416733,0.018955617,0.018625351,0.01841204,0.018126673,0.022940103,0.023421848,0.03612947,0.04770641,0.040197118,0.042054504,0.030814067,0.011099941,-0.006313558,-0.012959033,-0.021427106,-0.008242589,-0.019767972,-0.057332975,-0.03579708,-0.04717401,-0.056608091,-0.032502326,0.029775147,0.026707195,0.042214814,0.043241653,0.025305466,-0.004092073,-0.053689207,-0.05950456,-0.053447341,-0.058206677,-0.04451699,-0.008883526,-0.017088658,-0.021964659,-0.028918143,-0.037743236,-0.031011073,-0.041045151,-0.036931865,-0.0233168,-0.002909388,-0.009190369,-0.001046206,0.004211723,0.013086449,0.002144275,-0.001990874,0.019096858,0.014454672,0.009912652,0.01454222
Guatemala,GTM,0.028137316,0.007195063,-5.48E-05,-0.008333798,-0.01401494,-0.010492698,0.000715935,0.003753405,0.024222871,0.024030873,0.028406307,0.014901281,-0.029628647,-0.048952444,-0.01096927,0.030031774,0.060127604,0.10460869,0.12532513,0.09677414,0.033001601,0.031174157,0.030784955,0.001629886,-0.006888297,0.00280757,-0.03407266,-0.042718912,-0.042701722,-0.062069737,-0.048721984,-0.028096948,-0.026995258,0.004460184,0.025071679,0.018159899,0.013060367,0.015536478,0.000722099,-0.009839328,-0.020321729,-0.009286628,-0.00441252,-0.002929962,-0.003615547,0.007371006,0.013178274,0.046647937,0.061130464,0.08110716,0.080955005,0.076916537,0.050446924,0.042234408
Honduras,HND,0.022124355,0.017781987,0.018354208,0.015740581,0.015356147,0.014634015,0.00177243,0.020324648,-0.006516009,-0.042247256,-0.035220339,-0.018098131,-0.030797904,0.002345144,0.048497358,0.05499984,0.043103698,0.029384993,0.021491943,0.01010419,0.023654857,0.016952821,0.02558005,0.037613312,0.04589715,0.033965131,0.050801498,0.05745322,0.050387545,0.023269777,0.009883457,0.008607705,-0.009255679,-0.027912539,-0.016080013,-0.025858746,-0.042877874,-0.026609777,-0.037548941,-0.128557109,-0.042374314,-0.040950626,-0.053531753,-0.022286906,0.093967168,0.009967066,0.030094425,0.048190031,0.037397044,0.029298396,0.029957571,0.030122168,0.026875081,0.046251986
Germany ,DEU,-0.01419139,-0.002915116,-0.004322573,0.013997043,-0.016037867,0.025787154,0.029638454,0.044788766,0.037985697,0.072407399,0.060687506,0.057361239,0.052633963,0.048546018,0.045485046,0.043304315,0.037632834,0.020534377,0.002699667,-0.004828462,-0.002536341,0.001894104,0.025369628,0.042332857,0.059303088,0.071655244,-0.010414054,0.017046414,-0.01225015,-0.049048758,-0.058351714,0.007019721,-0.043005716,-0.022209071,-0.00198355,-0.013358908,-0.016296252,-0.011863627,-0.013876576,-0.013632384,-0.015798697,-0.013264082,-0.013015856,-0.011714584,-0.011635491,-0.009345109,-0.005118605,0.001941043,0.010100602,0.016658557,0.021748768,0.02676649,0.028735494,0.027596781
Portugal ,PRT,0.016668078,0.016106567,0.015675568,0.015341047,0.014788239,0.011054454,0.012187025,0.010901916,0.01066349,0.006967168,0.00897303,0.004496839,-0.005199947,-0.001048284,-0.019080884,-0.010195421,-0.016140766,-0.001829122,-0.025830752,-0.004776555,-0.005508356,0.013602028,-0.004602586,-0.00141018,0.00365643,-0.019031807,-0.039066957,-0.006252531,0.006772777,-0.016136517,-0.002088387,0.008975958,-0.011248818,-0.006392583,-0.001042122,-0.000175808,-0.00372893,-0.008225052,-0.014296032,-0.009060002,-0.005715226,-0.006345824,-0.002258385,0.006678361,0.019558598,0.015841405,0.02086884,0.015661804,0.016955383,0.01537354,0.01936258,0.014972562,0.023404349,0.017612945
France,FRA,0.025077242,0.01197849,0.012952366,0.010849843,0.007283788,0.018019938,0.003085855,0.010724446,0.022476583,0.019974003,0.005688046,0.022720758,0.006466383,0.005113187,-0.002663929,0.010881631,0.036316114,0.049068595,0.05215586,0.05734517,0.051727656,0.042486446,0.045911951,0.042769193,0.072997771,0.060874016,0.027109351,0.010022688,-0.006587475,-0.028733979,-0.005433185,0.013165525,0.027075432,0.03873172,0.041936281,0.036341098,0.037118942,0.040272175,0.044710398,0.028533114,0.016314184,0.030682442,0.041129012,0.039987844,0.038431942,0.025816292,0.001545306,-0.019274266,-0.042049643,-0.041928832,-0.020319721,-0.011154355,-0.004267731,0.012949182
Cambodia ,KHM,0.029650356,0.025780875,0.026864315,0.024740534,0.024809681,0.024125034,0.020006167,0.021395603,0.018918775,0.009764007,0.017134496,0.025989249,0.015523471,0.031133476,0.046663532,0.039188186,0.024427886,0.02337718,0.010373995,0.000727284,-0.000773796,-0.005677891,-0.001224364,-0.007273509,-0.004720914,-0.001539199,0.016518749,0.016727044,0.01284492,0.00391585,-0.011312045,-0.030559751,-0.024351604,-0.016828168,-0.015579044,-0.005470957,-0.015691665,-0.037575153,-0.035855011,-0.033279326,-0.056702069,-0.091512404,-0.11668833,-0.123842524,-0.141453872,-0.117824606,-0.042531198,0.04015519,0.053262976,0.081095339,0.087843632,0.06948749,0.037749372,0.037050739
Turkey,TUR,0.024162506,0.019841092,0.020680385,0.018434122,0.018277509,0.014132188,0.016040825,0.017103999,0.019101861,-0.015390564,-0.031514842,-0.014971956,-0.012695945,-0.0170222,-0.020966811,0.009039695,-0.012603922,-0.004739391,-0.012339176,-0.031183076,0.010889536,0.004368378,0.029457439,0.033797542,0.052467318,-0.029131615,-0.009497238,-0.04115203,-0.060893511,-0.029924714,0.003611164,-0.011270526,-0.014923034,0.009500247,0.013796277,0.00472899,-0.008622011,-0.032499733,-0.031287842,-0.034752344,-0.032369761,-0.01777674,-0.002190796,-0.008895748,-0.011767316,-0.015538241,-0.019109601,-0.010802797,-0.001559452,0.004799868,0.011322352,0.019080934,0.022897199,0.025824912
Qatar,QAT,0.022287348,0.02374968,0.024164465,0.019006618,0.016213502,0.014510502,0.011919486,0.014965015,0.024737613,0.028704888,0.031947468,0.031774691,0.034188174,0.028333261,0.027242969,0.025917648,0.027239884,0.017908938,0.018002156,0.017291791,0.010918195,0.006312397,0.002224926,-5.37E-05,-0.003170544,0.005520069,0.009808111,0.007943706,-0.002997775,-0.002174389,-0.018118497,-0.026785073,-0.020520721,-0.00729903,-0.011249286,-0.008774646,-0.010255137,-0.017718484,-0.022749649,-0.019522789,-0.009971181,0.002032021,0.013049026,0.013035934,0.012262128,0.014597226,0.01192963,0.014354081,0.019900622,0.024812867,0.02752029,0.033614375,0.037700898,0.039465844
Holland/     Netherlands ,NLD,0.020130307,0.031135412,0.018411743,0.017236632,0.03050977,0.02450429,0.004130504,0.020521167,0.006486958,-0.017763452,-0.007794361,-0.010093617,-0.029398055,-0.011978075,0.001984114,-0.020334471,-0.005038531,-0.003381189,-0.033098765,-0.02675072,0.004876185,0.02494855,0.058276118,0.072774082,0.028096372,0.004664034,-0.024974878,-0.02961442,-0.028571095,-0.016271055,-0.03027504,-0.025781194,-0.04220923,-0.034433075,-0.007360207,-0.009943873,-0.000782224,-0.016428155,-0.010339348,-0.020973686,0.003020418,-6.97E-05,0.114386093,0.15036794,0.191624306,0.215652943,0.218342052,0.119049818,0.090682911,0.061898964,0.042378344,0.050781151,0.062795038,0.051235074
Guinea ,GIN,0.019132509,0.015159764,0.01624086,0.013856127,0.01383835,0.033466617,0.050501861,0.083204849,0.089174341,0.106751462,0.110259454,0.092786312,0.070796996,0.048801155,0.028720773,0.052418439,0.046927652,0.051868707,0.072843619,0.086703884,0.038763144,0.041743664,0.023618135,0.017502278,-0.00181654,-0.005316208,0.000756526,0.005956701,0.000973833,0.001309329,0.008217659,0.001047031,0.004551295,-0.003710548,0.003292142,-0.005042594,-0.008908287,-0.022678584,-0.008314024,-0.006782129,0.002621383,0.009412273,0.017593639,0.019412794,0.017341375,0.01290017,0.0115327,0.012643142,0.014202343,0.014447872,0.017238046,0.022154199,0.025674061,0.027418319
Nicaragua,NIC,0.016513315,-0.005367257,-0.005107218,0.003394647,-0.003094455,-0.000330193,-0.0055379,0.006630738,0.016771977,0.017388927,0.016017464,0.042900419,0.032746345,0.030391473,0.023030412,0.02716181,0.010815624,0.015491082,0.011103465,0.011900523,0.010985176,0.016945567,0.00995442,0.009955809,0.008455544,0.000215093,-0.015639013,-0.01838019,-0.024788552,-0.022739597,-0.025139004,-0.016952733,-0.01036852,-0.00173715,-9.52E-05,0.007553494,0.005731026,-0.002284665,-0.008298604,-0.01331529,-0.013810375,-0.007686454,-0.000932779,0.004761557,0.010374023,0.013190791,0.014198459,0.019908284,0.025793086,0.034156014,0.039262887,0.04083707,0.040964193,0.042386602
Laos,LAO,0.015753404,0.015355761,0.014923328,0.01445996,0.014106851,0.02366695,0.029232749,0.028875467,0.030975945,0.050997218,0.059533333,0.063832468,0.067172873,0.067147979,0.060065935,0.029125331,0.025724119,0.022274935,0.004583528,-0.006995128,-0.00371255,-0.018315479,-0.014590157,0.012947634,0.01622664,0.00764741,-0.005564293,-0.025859943,-0.05731643,-0.064860463,-0.049348806,-0.032188562,-0.022136477,-0.002612527,-0.001272767,-0.012293713,-0.019416541,-0.029638025,-0.064238688,-0.035064257,-0.02426109,-0.007269049,-0.010266068,0.014138553,-0.016668872,-0.027974224,-0.040870176,-0.02037312,-0.005566501,-0.006475642,-0.00016834,0.006380669,0.001330348,-0.006561973
Malawi,MWI,0.008720178,0.020344105,-0.01018059,0.007562392,-0.005169229,0.028953605,0.032524686,0.035400015,0.037959246,0.054775893,0.042454087,0.028730227,0.030813586,0.022047362,0.020663856,0.020222414,0.036847741,0.073377901,0.050620007,0.058908277,0.060111567,0.053251291,0.025380514,0.039881812,0.037114376,0.037726405,0.033518134,0.026692438,0.023907794,0.017600579,0.014368526,0.000462198,0.01359546,0.003914572,0.005351883,0.01078213,0.022966648,0.026232934,0.03131809,0.030938255,0.020889895,0.028126722,0.024596222,0.031265148,0.038042236,0.042922813,0.039112619,0.032203207,0.033531237,0.033560911,0.033102795,0.034850412,0.044070535,0.042256327
Czecho-slovakia,CZE,-0.004427084,0.014456182,0.010558578,0.002967715,0.015632743,0.011950647,-0.0011666,-0.001840334,0.018515643,0.023137529,0.01787639,0.032135713,0.034463449,0.017165171,0.023369508,0.021722886,0.015912301,0.008361333,0.004126817,-0.01495456,-0.021036388,-0.02511092,-0.024357515,-0.035393355,-0.058151651,-0.060142207,-0.054179729,-0.042260761,-0.018070496,-0.014294245,-0.005696778,-0.014634364,-0.020593604,-0.023317617,0.006881673,0.010188337,0.013320734,0.007479531,0.010319129,0.009311656,0.024755057,0.040402645,0.046832187,0.039431053,0.043455644,0.03145966,0.026838387,0.030585909,0.035752481,0.0327514,0.0387871,0.043270022,0.045137029,0.047671498
Denmark ,DNK,0.0518683,0.042175624,0.030227046,0.012639061,0.007326365,0.003860594,-0.031931599,-0.002116461,0.012130422,3.57E-05,-0.002667158,0.033147722,-0.007870508,-0.009760206,0.011690444,0.008113308,0.00698037,0.009855612,0.018731147,0.007796161,-0.002035902,-0.025951559,-0.025400295,-0.053074611,-0.060494576,-0.046907638,-0.030924487,-0.032732036,-0.017648936,-0.005904688,-0.009575215,-0.005738954,-0.000276573,-0.003135804,-0.015911444,-0.021959763,-0.048598769,-0.074429753,-0.102224887,-0.108627152,-0.104643679,-0.0882911,-0.074576442,-0.048422178,-0.048463215,-0.061129549,-0.064791434,-0.051163361,-0.038328243,-0.016843366,0.012564891,0.02811577,0.033820203,0.034587146
Lesotho,LSO,0.021681466,0.03157225,0.02716871,0.008721605,0.034507051,0.054611303,0.031504054,0.020593559,0.030508123,0.017240734,0.036350771,0.024037159,0.041128984,0.039039179,0.011764685,-0.013297874,-0.002683222,-0.000403127,-0.005609084,0.010769482,-0.006107302,0.005462489,-0.02176863,-0.018500749,-0.039614632,-0.026366337,-0.026567087,-0.023826381,-0.03062593,-0.026393179,-0.029583202,-0.040395739,-0.029619972,-0.012597398,-0.008879433,0.005705996,0.004496821,0.004860538,-0.006421164,-0.035552489,-0.056709881,-0.042253621,-0.04005155,-0.043726646,-0.012018444,-0.000163408,-0.00484059,-0.004446459,0.010033256,0.016871798,0.021194382,0.024415012,0.029858866,0.030275902
Yemen ,YEM,0.028937419,0.043216892,0.049783794,0.03596766,0.036792969,0.030159964,0.013888758,0.003258761,-0.001183775,0.006042434,0.00953378,0.0024705,0.015632912,0.020897226,0.026337915,0.05451102,0.069433658,0.070052242,0.07459481,0.056218048,0.017961211,0.000565077,-0.030240858,-0.029602496,-0.032385813,-0.01566458,0.007275559,0.028458661,0.022084121,0.013856183,0.006070798,-0.012458239,-0.021906719,-0.007203802,0.010706935,0.003014314,0.013411975,0.00038237,-0.010663538,-0.007708164,-0.006847624,0.000602345,0.023831576,0.022124331,0.003190864,-0.012313065,-0.025047891,-0.044596378,-0.076439989,-0.077855466,-0.071547987,-0.079071801,-0.065810334,-0.068429705
